"case_id","set_class","lower_U","upper_U","upper_U_attained","lower_M","upper_M","upper_M_attained","chi","PF_U","PN_U","PF_M","PN_M","both_exists","U_only_exists","M_only_exists","neither_exists"
"closed_open_at_upper","endpoint_descriptor",0.1,0.6,FALSE,0.1,0.6,FALSE,0.6,FALSE,TRUE,FALSE,TRUE,FALSE,FALSE,FALSE,TRUE
"open_closed_at_lower","endpoint_descriptor",0.1,0.6,TRUE,0.1,0.6,TRUE,0.1,TRUE,FALSE,TRUE,FALSE,TRUE,FALSE,FALSE,FALSE
"open_open_below_upper","endpoint_descriptor",0.1,0.6,FALSE,0.1,0.6,FALSE,0.59,TRUE,TRUE,TRUE,TRUE,TRUE,TRUE,TRUE,TRUE
"singleton_equality","endpoint_descriptor",0.3,0.3,TRUE,0.3,0.3,TRUE,0.3,TRUE,FALSE,TRUE,FALSE,TRUE,FALSE,FALSE,FALSE
"singleton_above","endpoint_descriptor",0.3,0.3,TRUE,0.3,0.3,TRUE,0.31,FALSE,TRUE,FALSE,TRUE,FALSE,FALSE,FALSE,TRUE
"M_upper_unattained","cross_rule_descriptor",0.1,0.7,TRUE,0.2,0.7,FALSE,0.7,TRUE,TRUE,FALSE,TRUE,FALSE,TRUE,FALSE,TRUE
"U_upper_unattained","cross_rule_descriptor",0.1,0.7,FALSE,0.2,0.7,TRUE,0.7,FALSE,TRUE,TRUE,TRUE,FALSE,FALSE,TRUE,TRUE
"interior_all_patterns","cross_rule_descriptor",0.1,0.8,TRUE,0.2,0.9,TRUE,0.5,TRUE,TRUE,TRUE,TRUE,TRUE,TRUE,TRUE,TRUE
"lower_equal_no_possible_no","cross_rule_descriptor",0.2,0.8,TRUE,0.2,0.9,TRUE,0.2,TRUE,FALSE,TRUE,FALSE,TRUE,FALSE,FALSE,FALSE
