"claim_id","historical_source_path","historical_locator","historical_claim","current_status","current_precise_replacement","current_evidence_path_hash","domain_selection_scope","manuscript_action","migration_blocker","notes"
"SM001","formal_model_v6.Rmd","L275-L305","The solution concept is PBE and the assessment records strategies and beliefs.","survives","Use PBE alone and retain complete strategies, beliefs, continuation selections, type-by-identity payoffs, payments, opt-out states, and outcome distributions.","model_redesign/pivotal_response_interfaces/gate0_contract_v1.json@cd4316adb5056142e4ac1119c24f75c136b27d574246818e92bc9600407cf245#/solution_concept | model_redesign/pivotal_response_interfaces/institutional_comparison_review_v1.json@0acd9648eb7e03d4dabfaa91ffd559fe3c5b6f61a96ba676d6c6ccd9d4c6bb3c#/consumer_contract","Full primitive domain; complete assessment correspondence under each fixed rule.","retain_with_rewrite","Migration remains blocked until this exact matrix passes two independent reviews and a later migration action is authorized.","No global deletion of weakly dominated actions is added."
"SM002","formal_model_v5.Rmd","L138-L141","Players approve when pivotal and approval weakly beats rejection.","changes","Replace quota-pivotal language by action-by-action outcome-signature relevance: current approval, H inclusion or opt-out, implemented payments, and the selected continuation all enter the voting comparison; yes is required at a payoff-relevant equality, while zero-relevance actions require an explicit completion.","model_redesign/pivotal_response_interfaces/gate0_contract_v1.json@cd4316adb5056142e4ac1119c24f75c136b27d574246818e92bc9600407cf245#/vote_relevance | model_redesign/pivotal_response_interfaces/gate0_review_v1.json@dd5403b0e2d4de8522615adce7d2cca3bc295a3ecc323780d3c36cb1701ad130#/conditions","Every ballot information set and every proposal-contingent completion.","replace","The historical pivotal-vote shorthand omits strategically relevant changes that do not alter the quota result.","H relevance is never inferred from quota pivotality alone."
"SM003","formal_model_v5.Rmd","L127-L132","The proposer is counted yes; all other active players vote simultaneously; the full vector is revealed only after the ballot.","survives","Retain the sealed simultaneous ballot and public revelation only after all votes are cast, with the same information structure under both fixed rules.","model_redesign/pivotal_response_interfaces/gate0_contract_v1.json@cd4316adb5056142e4ac1119c24f75c136b27d574246818e92bc9600407cf245#/ballot | model_redesign/pivotal_response_interfaces/institutional_comparison_review_v1.json@0acd9648eb7e03d4dabfaa91ffd559fe3c5b6f61a96ba676d6c6ccd9d4c6bb3c#/consumer_contract","Both rounds and both fixed institutional rules.","retain_with_rewrite","Wording must not imply that a later voter observes earlier ballots.","Across-round histories are public; within-ballot moves remain simultaneous."
"SM004","formal_model_v6.Rmd","L745-L882","Twenty-one historical classes form the exhaustive Gate 0 history table.","changes","Replace the twenty-one-row inventory by the frozen current transition, information-state, outcome-signature, and relevance registries; histories retain the full proposal, revealed vote vector, quota result, opt-out state, belief, and continuation selection.","model_redesign/pivotal_response_interfaces/gate0_bundle_v1.json@6e28cb3faf3b70bc5ed990ce35a9e39326be15f93252e93e6663d771e2b0b7c1#/components | model_redesign/pivotal_response_interfaces/gate0_review_v1.json@dd5403b0e2d4de8522615adce7d2cca3bc295a3ecc323780d3c36cb1701ad130#/review_rounds","Current two-round extensive form; all reached and off-path public histories.","replace","Historical rows are not an exhaustive state registry for the new response correspondence.","The old table can remain only as provenance, not as proof input."
"SM005","formal_model_v6.Rmd","L211-L226","H's Round-1 no vote is an immediate irreversible opt-out without discount; terminal continuations are dated in Round 2.","survives","Keep immediate Round-1 opt-out in current units; solve each terminal continuation without internal discounting and multiply a selected terminal payoff by beta exactly once only when it enters a Round-1 comparison.","model_redesign/pivotal_response_interfaces/gate0_contract_v1.json@cd4316adb5056142e4ac1119c24f75c136b27d574246818e92bc9600407cf245#/payoff_dates_and_discount | model_redesign/pivotal_response_interfaces/r2_batch_review_v1.json@00f84d4221d100f0def858e8c8bf19a58f79522f217118693837edf73583316a#/conditions","All terminal nodes and every Round-1 transition that reaches one of them.","retain_with_rewrite","Any extra discount or discounting of immediate opt-out invalidates all descendant payoffs.","H receives no second outside-option flow after an earlier opt-out."
"SM006","formal_model_v6.Rmd","L719-L730","The terminal H voting difference carries an internal beta multiplier.","changes","State the terminal voting comparison in native Round-2 units with no beta; beta appears once only in a Round-1 incentive when a terminal continuation is actually reached.","model_redesign/pivotal_response_interfaces/r2_batch_review_v1.json@00f84d4221d100f0def858e8c8bf19a58f79522f217118693837edf73583316a#/internal_discounting | model_redesign/pivotal_response_interfaces/r1_batch_frozen_v1.json@f4ac7b89f4c08d4ee461ca1431135286304abaae2589a337aeffdb38b5941c3a#/consumer_contract/discount_rule","Native Round-2 C2 objects and their Round-1 imports.","replace","The displayed historical terminal formula is misdated for the current interface contract.","Do not copy its equation into a current theorem."
"SM007","formal_model_v5.Rmd","L127-L130","Only weak states are recognized as proposers and pi_H is zero in both rounds.","survives","Retain weak-state agenda control: H is never a proposer in either round of the baseline, and recognition is uniform over weak identities.","model_redesign/pivotal_response_interfaces/gate0_contract_v1.json@cd4316adb5056142e4ac1119c24f75c136b27d574246818e92bc9600407cf245#/primitive_domain/recognition | model_redesign/pivotal_response_interfaces/institutional_comparison_review_v1.json@0acd9648eb7e03d4dabfaa91ffd559fe3c5b6f61a96ba676d6c6ccd9d4c6bb3c#/consumer_contract","Baseline only; every N at least 3.","retain_with_rewrite","Positive H recognition is a different game and cannot be inserted during migration.","This isolates response-based pivotality from proposal power."
"SM008","AGENTS.md","L157-L174","H's outside option is external to the unit weak-state pie.","survives","Keep each type's outside payoff external to the weak budget; exclusion or opt-out does not subtract that payoff from the unit weak resource.","model_redesign/pivotal_response_interfaces/gate0_contract_v1.json@cd4316adb5056142e4ac1119c24f75c136b27d574246818e92bc9600407cf245#/proposal_space | model_redesign/pivotal_response_interfaces/institutional_comparison_v1.json@cab69c5ddda3616f51c697c189c86316df5546501a183eb6cc9e437dc813f3af#/hegemon_outside_option_floor","Both rules, both types, formation and nonformation.","retain_with_rewrite","Any accounting that charges the outside payoff to weak states changes the game.","This is an accounting invariant, not a payoff-ranking result."
"SM009","formal_model_v6.Rmd","L275-L301","An uninformed weak ballot is not direct evidence about H's type; H's separating ballot can update beliefs.","conditional","Retain the informational core: weak votes are type-independent conditional on their information, Bayes applies on path, and an informative H vote may update beliefs; every globally off-path ballot belief and continuation belief remains an explicit assessment component.","model_redesign/pivotal_response_interfaces/gate0_contract_v1.json@cd4316adb5056142e4ac1119c24f75c136b27d574246818e92bc9600407cf245#/beliefs | model_redesign/pivotal_response_interfaces/r1_batch_frozen_v1.json@f4ac7b89f4c08d4ee461ca1431135286304abaae2589a337aeffdb38b5941c3a#/consumer_contract","Maintained assessment discipline; no stronger consistency or all-equilibria interpretation.","retain_with_rewrite","Only the informational principle survives; historical hard-coded off-path posteriors do not.","Payoffs from proposal deviations use the true preproposal belief, not the off-path ballot belief."
"SM010","formal_model_v5.Rmd","L138-L144","Specific deviations from pooling yes or pooling no and weak-caused failures are assigned fixed posterior values.","changes","Replace hard-coded posterior rules by Bayes at positive-probability histories and explicitly declared proposal- and full-history-specific beliefs elsewhere; the same posterior must index the selected continuation element and all of its payoff and outcome projections.","model_redesign/pivotal_response_interfaces/r1_unanimity_v1.json@37aae1bfe7921c6c90aff5d05ed301f8729c2b899477991619bcf0cb6c96e8b5#/belief_interface | model_redesign/pivotal_response_interfaces/r1_majority_v1.json@21c3a9dd2d6c9d25450978c2f7d9925af02e478b9c03d421d2a7b0f9aa2c77c9#/belief_layers","Every Round-1 proposal and revealed H-yes failure vector.","replace","Historical fixed beliefs are not implied by current PBE and would suppress admissible assessments.","Equal posteriors do not identify continuation selections across distinct full histories."
"SM011","formal_model_v6.Rmd","L308-L328","H's Round-1 incentive constraint integrates the simultaneous weak-vote distribution, and the direct package cutoff applies only when H-yes certainly implements the current agreement.","survives","Retain the full expected comparison over simultaneous weak-vote vectors and action-specific continuations; reduce it to the direct package threshold only on a branch where H-yes implements the current H-including agreement with probability one.","model_redesign/pivotal_response_interfaces/gate0_contract_v1.json@cd4316adb5056142e4ac1119c24f75c136b27d574246818e92bc9600407cf245#/vote_relevance | model_redesign/pivotal_response_interfaces/r1_unanimity_v1.json@37aae1bfe7921c6c90aff5d05ed301f8729c2b899477991619bcf0cb6c96e8b5#/fixed_proposal_theorem","Every Round-1 ballot; the direct cutoff is limited to certain current implementation.","retain_with_rewrite","The full expected IC and its condition for reduction must remain together.","H's no action always changes opt-out status even when the quota already passes without H."
"SM012","formal_model_v6.Rmd","L380-L388","In terminal majority, all weak states approve, the weak proposer sets named weak offers to zero, and the proposer retains the unit pie.","rejected","Do not impose all-weak support, zero gifts, or the resulting unit-retention claim as a characterization. The current PBE correspondence includes positive gifts and oversized support, including gifts to non-supporters for sufficiently large groups, because proposal-contingent zero-relevance completions can change passage after a deviation.","model_redesign/pivotal_response_interfaces/gate0_contract_v1.json@cd4316adb5056142e4ac1119c24f75c136b27d574246818e92bc9600407cf245#/coalitions_and_deviations | model_redesign/pivotal_response_interfaces/r2_majority_weak_only_v1.json@e0ec6cd35e145f04d1a2897fc1f78157f2b0d45de478046ac5451b2df0a74b5d#/gifts_and_support","Unrestricted current PBE; positive gifts for N at least 4 and gifts to non-supporters or oversized support for N at least 5.","remove","No product-safe invariance theorem supports the historical characterization.","A zero-gift, all-weak-yes representation may be used only inside a separately proved subclass."
"SM013","AGENTS.md","L427-L435","Historical pooling, low-only, and rejection or delay motifs are candidates for Round 1.","conditional","The three historical outcome motifs can occur only as constructed subclasses satisfying the full proposal-indexed fixed point, all voting inequalities, Bayes consistency, literal continuation membership, and proposer optimality.","model_redesign/pivotal_response_interfaces/r1_unanimity_v1.json@37aae1bfe7921c6c90aff5d05ed301f8729c2b899477991619bcf0cb6c96e8b5#/survival_findings | model_redesign/pivotal_response_interfaces/r1_batch_frozen_v1.json@f4ac7b89f4c08d4ee461ca1431135286304abaae2589a337aeffdb38b5941c3a#/consumer_contract/object","Only proved subclasses; no current equilibrium is assigned a historical scalar label.","retain_with_rewrite","A motif cannot substitute for its complete assessment or imported continuation element.","Historical shorthand is descriptive provenance only."
"SM014","formal_model_v5.Rmd","L443-L455","Pooling, low-only, and delay exhaust the payoff-relevant Round-1 unanimity outcomes.","rejected","The current Round-1 object is the full assessment correspondence; history-specific continuations, immediate opt-out, gifts, zero-relevance completions, proposal mixtures, and distinct outcome distributions prevent an exhaustive three-label reduction.","model_redesign/pivotal_response_interfaces/r1_unanimity_v1.json@37aae1bfe7921c6c90aff5d05ed301f8729c2b899477991619bcf0cb6c96e8b5#/survival_findings/three_label_exhaustiveness | model_redesign/pivotal_response_interfaces/r1_batch_frozen_v1.json@f4ac7b89f4c08d4ee461ca1431135286304abaae2589a337aeffdb38b5941c3a#/consumer_contract/scalarization","All N at least 3 and the full primitive domain.","remove","The historical rejected-history reduction is false for the current PBE correspondence.","No replacement theorem may claim uniqueness or exhaustiveness through named motifs."
"SM015","formal_model_v5.Rmd","L246-L270","Under No-Cheap-H, majority is a no-screening benchmark with a single weak and H payoff.","rejected","Majority is generally set-valued and can include H, exclude H, separate types, pass weak-only, fail, or mix across tied complete assessments; no-screening is not an all-PBE implication.","model_redesign/pivotal_response_interfaces/r1_majority_v1.json@21c3a9dd2d6c9d25450978c2f7d9925af02e478b9c03d421d2a7b0f9aa2c77c9#/existence_and_multiplicity | model_redesign/pivotal_response_interfaces/entry_majority_v1.json@4eb343ce6f6fb7c34782e708a0e787908437d2682d079e91f26103706c083f21#/exact_entry_correspondence","Full primitive domain; complete majority assessments.","remove","The current interfaces retain multiplicity that the benchmark deletes.","No selected scalar majority payoff is supplied."
"SM016","formal_model_v6.Rmd","L362-L378","Terminal unanimity has one scalar weak value and a unique cutoff-selected package for every posterior.","rejected","Terminal unanimity exports a full assessment-level correspondence. Group size changes the proposal correspondence, zero-payoff and nonclosed boundaries matter, and named gifts, ballots, type-specific outcomes, and identity payoffs cannot be replaced by one scalar value.","model_redesign/pivotal_response_interfaces/r2_unanimity_active_h_v1.json@f3ca4ebf28827d7e18d9f3a2d07d41ffd6fe57532c9af09300f20a8ab5cecf10#/existence_and_multiplicity | model_redesign/pivotal_response_interfaces/r2_batch_review_v1.json@00f84d4221d100f0def858e8c8bf19a58f79522f217118693837edf73583316a#/conditions","Terminal unanimity with H active; all N at least 3 and all posteriors.","remove","A scalar projection is expressly nonconsumable downstream.","Any terminal motif must retain its complete assessment and boundary scope."
"SM017","formal_model_v6.Rmd","L380-L392","Terminal majority with H active gives a unique weak payoff and H's outside payoff.","rejected","The active-H terminal majority node is a group-size- and boundary-dependent correspondence over proposals, ballots, beliefs, inclusion or opt-out signatures, named payments, type payoffs, and terminal distributions.","model_redesign/pivotal_response_interfaces/r2_majority_active_h_v1.json@a4ae73e9bb4114490bbc517732eca0ff7f5368186aee1a02388a8f85f52568b2#/existence_and_multiplicity | model_redesign/pivotal_response_interfaces/r2_batch_review_v1.json@00f84d4221d100f0def858e8c8bf19a58f79522f217118693837edf73583316a#/conditions","Terminal majority with H active; all N at least 3 and all posteriors.","remove","The historical scalar collapses outcomes that the current interface keeps distinct.","Off-path ballot belief and true preproposal posterior remain separate."
"SM018","formal_model_v6.Rmd","L380-L392","Terminal weak-only majority has a unique all-yes zero-gift outcome.","rejected","After H opt-out, terminal majority is unique only at N equal to 3; for larger groups it contains passage and failure assessments and a continuum of behavioral weak payoff vectors, with positive gifts and oversized support in the stated group sizes.","model_redesign/pivotal_response_interfaces/r2_majority_weak_only_v1.json@e0ec6cd35e145f04d1a2897fc1f78157f2b0d45de478046ac5451b2df0a74b5d#/existence_and_boundaries | model_redesign/pivotal_response_interfaces/r2_batch_review_v1.json@00f84d4221d100f0def858e8c8bf19a58f79522f217118693837edf73583316a#/conditions","Weak-only terminal majority; unique at N equal to 3, set-valued for N at least 4.","replace","The manuscript must distinguish the N equal to 3 boundary from the larger-group correspondence.","The original quota is retained after H exits."
"SM019","formal_model_v6.Rmd","L437-L481","Round-1 unanimity has parameter regions of nonexistence and a single pooling payoff whenever it exists.","rejected","Round-1 unanimity has a nonempty complete PBE correspondence for every primitive-admissible N at least 3 case; it is generally set-valued and cannot be replaced by the historical scalar existence cutoff or unique payoff.","model_redesign/pivotal_response_interfaces/r1_unanimity_v1.json@37aae1bfe7921c6c90aff5d05ed301f8729c2b899477991619bcf0cb6c96e8b5#/bounds_and_boundaries/global_existence | model_redesign/pivotal_response_interfaces/r1_batch_frozen_v1.json@f4ac7b89f4c08d4ee461ca1431135286304abaae2589a337aeffdb38b5941c3a#/batch_close","All primitive-admissible N at least 3 cases, including boundary priors and outside options.","replace","The historical nonexistence and scalar payoff theorem conflict with the frozen universal construction.","Preserve assessment, identity, and outcome multiplicity."
"SM020","formal_model_v6.Rmd","L506-L541","Round-1 majority is characterized by one security maximum and group-size scalar payoff formulas.","rejected","Round-1 majority exports a nonempty full assessment correspondence on the entire N at least 3 domain; only specifically proved scalar projections for stated subclasses and boundaries may be quoted, never as the global object.","model_redesign/pivotal_response_interfaces/r1_majority_v1.json@21c3a9dd2d6c9d25450978c2f7d9925af02e478b9c03d421d2a7b0f9aa2c77c9#/existence_and_multiplicity | model_redesign/pivotal_response_interfaces/r1_batch_frozen_v1.json@f4ac7b89f4c08d4ee461ca1431135286304abaae2589a337aeffdb38b5941c3a#/consumer_contract","All N at least 3; scalar projections only on their exact interface domains.","replace","Historical group cutoffs and value formulas do not characterize complete assessments.","The corrected N equal to 3 projection itself can be an interval."
"SM021","formal_model_v6.Rmd","L1196-L1198","The beta-equals-one boundary is the only baseline locus on which the historical rejection or delay label survives on path.","rejected","Do not state an exclusivity theorem for rejection or delay. The current correspondence permits failure and continuation motifs whenever a complete proposal-indexed assessment satisfies the local voting fixed point, beliefs, continuation membership, and proposal optimality.","model_redesign/pivotal_response_interfaces/r1_unanimity_v1.json@37aae1bfe7921c6c90aff5d05ed301f8729c2b899477991619bcf0cb6c96e8b5#/survival_findings/historical_R_label | model_redesign/pivotal_response_interfaces/r1_majority_v1.json@21c3a9dd2d6c9d25450978c2f7d9925af02e478b9c03d421d2a7b0f9aa2c77c9#/existence_and_multiplicity","Full primitive domain; assessment-specific existence rather than a beta-only locus.","remove","The old boundary exclusivity was derived under a discarded global reduction.","No delay path may be imposed or excluded without its full incentive checks."
"SM022","formal_model_v6.Rmd","L1083-L1327","Appendix C equations C1 through C13 and the endpoint table characterize the boundary and one-sided outcomes.","rejected","Remove the old boundary characterization as current theory. Boundaries are already inside the full N at least 3 assessment correspondences; only boundary statements explicitly exported by the frozen interfaces may be rebuilt from those objects.","model_redesign/pivotal_response_interfaces/r1_unanimity_v1.json@37aae1bfe7921c6c90aff5d05ed301f8729c2b899477991619bcf0cb6c96e8b5#/bounds_and_boundaries | model_redesign/pivotal_response_interfaces/r1_majority_v1.json@21c3a9dd2d6c9d25450978c2f7d9925af02e478b9c03d421d2a7b0f9aa2c77c9#/boundary_cases","Boundary priors, beta, outside options, group sizes, and endpoint attainment.","remove","The historical appendix depends on rejected scalar and nonexistence claims.","Do not migrate its equation numbers, endpoint table, or class labels."
"SM023","formal_model_v6.Rmd","L559-L563","Institutional comparison is limited to a derived regular common-existence subset.","changes","The approved current entry correspondences are nonempty and exportable on the full primitive-admissible common domain N at least 3, including endpoint priors and boundary outside options.","model_redesign/pivotal_response_interfaces/entry_batch_review_v1.json@8817a9c505ce9e5b79deea1b38055d88a629e740e324fbcd5bca707b108b5433#/batch_close | model_redesign/pivotal_response_interfaces/institutional_comparison_v1.json@cab69c5ddda3616f51c697c189c86316df5546501a183eb6cc9e437dc813f3af#/validated_common_domain","N at least 3; prior in the closed unit interval; admissible outside options; beta positive through one; nonnegative entry cost.","replace","The old regular-domain existence gates must not be retained.","Existence of assessments does not select one assessment or identify every endpoint value."
"SM024","formal_model_v6.Rmd","L228-L238","Entry uses one scalar representative weak payoff under each rule.","changes","Evaluate entry separately for every complete Round-1 assessment, retain the assessment whole, and form at equality between its collective gross value and the external per-weak-state cost; bounds never select an assessment.","model_redesign/pivotal_response_interfaces/entry_batch_review_v1.json@8817a9c505ce9e5b79deea1b38055d88a629e740e324fbcd5bca707b108b5433#/consumer_contract | model_redesign/pivotal_response_interfaces/institutional_comparison_review_v1.json@0acd9648eb7e03d4dabfaa91ffd559fe3c5b6f61a96ba676d6c6ccd9d4c6bb3c#/consumer_contract","Every complete entry assessment under each fixed rule.","replace","A scalar representative value would erase formation multiplicity and misalign outcomes.","Entry applies no additional discount to already dated Round-1 payoffs."
"SM025","formal_model_v6.Rmd","L565-L585","Unanimity formation is universally nested in majority formation.","changes","For a given complete cross-rule pair, unanimity's cost interval is contained in majority's exactly when that pair's unanimity gross value is no larger than its majority gross value; the reverse and equality conditions are symmetric.","model_redesign/pivotal_response_interfaces/institutional_comparison_v1.json@cab69c5ddda3616f51c697c189c86316df5546501a183eb6cc9e437dc813f3af#/pairwise_formation_sets | model_redesign/pivotal_response_interfaces/institutional_comparison_review_v1.json@0acd9648eb7e03d4dabfaa91ffd559fe3c5b6f61a96ba676d6c6ccd9d4c6bb3c#/consumer_contract","Pairwise in the full Cartesian product of complete entry assessments.","replace","Pairwise containment is not a universal cross-assessment ranking.","Equality formation makes each cost interval closed at its gross value."
"SM026","formal_model_v6.Rmd","L565-L585","The set of costs at which unanimity can form is nested in the set at which majority can form.","conditional","For N at least 4, the possible-cost projection for majority reaches the resource ceiling, so unanimity's possible-cost projection is contained in it; equality versus strictness still depends on unanimity's upper endpoint and attainment.","model_redesign/pivotal_response_interfaces/institutional_comparison_v1.json@cab69c5ddda3616f51c697c189c86316df5546501a183eb6cc9e437dc813f3af#/special_endpoint_consequences | model_redesign/pivotal_response_interfaces/institutional_comparison_review_v1.json@0acd9648eb7e03d4dabfaa91ffd559fe3c5b6f61a96ba676d6c6ccd9d4c6bb3c#/conditions","Possible-cost union within each rule; N at least 4 only.","retain_with_rewrite","Do not extend this projection result to N equal to 3 or to every cross-rule assessment pair.","Upper-endpoint attainment matters at equality."
"SM027","formal_model_v6.Rmd","L565-L585","The set of costs at which every unanimity assessment forms is nested in the analogous majority set.","conditional","For N at least 4, the guaranteed-cost projection for unanimity starts and ends at zero and is contained in majority's guaranteed-cost interval; equality versus strictness depends on majority's lower endpoint.","model_redesign/pivotal_response_interfaces/institutional_comparison_v1.json@cab69c5ddda3616f51c697c189c86316df5546501a183eb6cc9e437dc813f3af#/special_endpoint_consequences | model_redesign/pivotal_response_interfaces/entry_unanimity_v1.json@05e39ad2b84ede134268ffae0898c8cafd8f3de01ef725ca2da6159156a83ed6#/endpoint_interface","Guaranteed-cost intersection within each rule; N at least 4 only.","retain_with_rewrite","Do not conflate intersection nesting with possible-cost or universal pairwise nesting.","The lower endpoint need not be attained for every assessment to form at its value."
"SM028","formal_model_v6.Rmd","L565-L585","Unanimity formation is nested in majority formation for every possible cross-rule assessment pair.","pending","The exact universal condition is an upper-endpoint versus lower-endpoint inequality with an attainment qualification for strictness; the frozen interfaces do not generally identify the required numerical endpoints, so no universal current ordering is established.","model_redesign/pivotal_response_interfaces/institutional_comparison_v1.json@cab69c5ddda3616f51c697c189c86316df5546501a183eb6cc9e437dc813f3af#/selection_free_global_nesting | model_redesign/pivotal_response_interfaces/institutional_comparison_review_v1.json@0acd9648eb7e03d4dabfaa91ffd559fe3c5b6f61a96ba676d6c6ccd9d4c6bb3c#/consumer_contract/selection_boundary","Universal over the Cartesian product; full N at least 3 domain.","pending","Requires sharper endpoint results from the frozen entry correspondences; no selection shortcut is authorized.","Same-rank or endpoint-matched pairings do not answer the universal question."
"SM029","formal_model_v6.Rmd","L580-L584","There is a positive-cost region in which only majority forms.","conditional","For every N at least 4 and each positive cost through the resource ceiling, at least one admissible comparison pair has majority form and unanimity not form.","model_redesign/pivotal_response_interfaces/institutional_comparison_v1.json@cab69c5ddda3616f51c697c189c86316df5546501a183eb6cc9e437dc813f3af#/special_endpoint_consequences/Nge4_M_only_existence | model_redesign/pivotal_response_interfaces/institutional_comparison_review_v1.json@0acd9648eb7e03d4dabfaa91ffd559fe3c5b6f61a96ba676d6c6ccd9d4c6bb3c#/candidate_review","Existence of at least one pair; N at least 4; positive cost no greater than one divided by the number of weak states.","retain_with_rewrite","This is an existence result, not a statement that every pair has that formation pattern.","At the upper boundary majority forms at equality."
"SM030","formal_model_v6.Rmd","L580-L585","There is no region in which only unanimity forms.","pending","For a given assessment pair, a unanimity-only cost region is nonempty exactly when the unanimity gross value exceeds the paired majority gross value; the frozen endpoints neither prove nor exclude an attained pair with that ordering.","model_redesign/pivotal_response_interfaces/institutional_comparison_v1.json@cab69c5ddda3616f51c697c189c86316df5546501a183eb6cc9e437dc813f3af#/pairwise_formation_sets | model_redesign/pivotal_response_interfaces/institutional_comparison_v1.json@cab69c5ddda3616f51c697c189c86316df5546501a183eb6cc9e437dc813f3af#/selection_free_global_nesting","Pairwise condition is exact; global existence or nonexistence of a unanimity-only pair is unidentified.","pending","Requires sharper current endpoint or attained-pair evidence; the historical proof does not transfer.","Do not infer absence or existence from the proved majority-only extreme pair."
"SM031","formal_model_v6.Rmd","L587-L600","On the stated common domain, H's ex-ante majority payoff is at least its expected outside payoff, while the stated unanimity payoff is also at least that floor.","survives","The historical ex-ante outside-payoff floor survives, and the current correspondence strengthens it type by type: for every complete bargaining assessment and every type, H's payoff is at least its immediate opt-out payoff; entry preserves that floor and nonformation attains it.","model_redesign/pivotal_response_interfaces/institutional_comparison_v1.json@cab69c5ddda3616f51c697c189c86316df5546501a183eb6cc9e437dc813f3af#/hegemon_outside_option_floor | model_redesign/pivotal_response_interfaces/institutional_comparison_review_v1.json@0acd9648eb7e03d4dabfaa91ffd559fe3c5b6f61a96ba676d6c6ccd9d4c6bb3c#/candidate_review","Historical claim is ex ante; current strengthening holds for every type, rule, complete assessment, and entry decision.","retain_with_rewrite","The floor alone does not order the two rules when both form.","The current typewise strengthening uses H's action-specific ballot comparison, not quota pivotality."
"SM032","formal_model_v6.Rmd","L587-L600","Formation status conditionally orders H across the two rules.","conditional","If neither forms, H is equal at outside options; if only one rule forms, that rule weakly favors H relative to the nonforming rule; if both form, retain the two assessment-specific H payoffs because their sign difference is indeterminate.","model_redesign/pivotal_response_interfaces/institutional_comparison_v1.json@cab69c5ddda3616f51c697c189c86316df5546501a183eb6cc9e437dc813f3af#/conditional_pairwise_rankings | model_redesign/pivotal_response_interfaces/institutional_comparison_review_v1.json@0acd9648eb7e03d4dabfaa91ffd559fe3c5b6f61a96ba676d6c6ccd9d4c6bb3c#/consumer_contract","Each complete cross-rule entry-assessment pair.","retain_with_rewrite","These are conditional identities and weak inequalities, not institutional dominance.","Weak-state signs follow analogously from realized collective net values."
"SM033","formal_model_v6.Rmd","L592-L600","When both institutions form, unanimity weakly benefits H.","pending","When both form, H's type-specific and ex-ante payoff differences are the retained assessment-pair differences. The approved interfaces identify no sign and supply no attained sign-reversal pair, so the historical weak ordering is neither proved nor refuted.","model_redesign/pivotal_response_interfaces/institutional_comparison_v1.json@cab69c5ddda3616f51c697c189c86316df5546501a183eb6cc9e437dc813f3af#/conditional_pairwise_rankings/both | model_redesign/pivotal_response_interfaces/institutional_comparison_v1.json@cab69c5ddda3616f51c697c189c86316df5546501a183eb6cc9e437dc813f3af#/selection_free_global_nesting | model_redesign/pivotal_response_interfaces/institutional_comparison_review_v1.json@0acd9648eb7e03d4dabfaa91ffd559fe3c5b6f61a96ba676d6c6ccd9d4c6bb3c#/consumer_contract/selection_boundary","Both-form pairs throughout the full N at least 3 domain; sign is unidentified without retained pair values.","pending","Requires an exact current ordering proof or an attained both-form sign-reversal witness.","Indeterminate is not a counterexample; equal formation status alone supplies no ordering."
"SM034","model_redesign/power_architecture_derivations.Rmd","L1501-L1512","Conditional on both institutions forming, equality in H's payoff occurs only under the named historical majority-pooling case.","rejected","The equality-only restriction is false for the current correspondence: for N at least 4 and zero entry cost, an attained unanimity zero-weak-value assessment and an attained majority value-one assessment both form and give H its outside payoff, an equality outside that historical named case. This counterexample does not establish or refute the separate weak ordering in SM033.","model_redesign/pivotal_response_interfaces/r1_unanimity_v1.json@37aae1bfe7921c6c90aff5d05ed301f8729c2b899477991619bcf0cb6c96e8b5#/constructive_subclasses/universal_zero_weak_value_PBE_for_Nge4 | model_redesign/pivotal_response_interfaces/institutional_comparison_v1.json@cab69c5ddda3616f51c697c189c86316df5546501a183eb6cc9e437dc813f3af#/special_endpoint_consequences/Nge4_extreme_pair_H_equality | model_redesign/pivotal_response_interfaces/institutional_comparison_v1.json@cab69c5ddda3616f51c697c189c86316df5546501a183eb6cc9e437dc813f3af#/special_endpoint_consequences/zero_cost","N at least 4 at zero entry cost supplies a both-form equality counterexample; the general both-form sign remains unidentified.","remove","Only the historical equality-only characterization is refuted here; the weak ordering remains pending in SM033.","This row uses the prior derivation only to locate the historical claim, never as current evidence."
"SM035","formal_model_v5.Rmd","L600-L628","The model classifies H's institutional preference over the full belief space.","pending","The approved comparison supplies pairwise payoff differences and conditional signs but no unconditional or selection-free H ranking over the full assessment product.","model_redesign/pivotal_response_interfaces/institutional_comparison_v1.json@cab69c5ddda3616f51c697c189c86316df5546501a183eb6cc9e437dc813f3af#/claim_status | model_redesign/pivotal_response_interfaces/institutional_comparison_review_v1.json@0acd9648eb7e03d4dabfaa91ffd559fe3c5b6f61a96ba676d6c6ccd9d4c6bb3c#/consumer_contract/selection_boundary","Full Cartesian product and full N at least 3 domain.","pending","Would require a new cross-rule selection primitive or stronger selection-free payoff bounds.","Do not partition beliefs by a selected payoff gap."
"SM036","formal_model_v5.Rmd","L887-L895","The conclusion leaves a universal ranking unresolved: it rejects global dominance and says which rule benefits H depends on screening and entry conditions.","pending","No universal rule ranking is established. Report the exact set-valued comparison, pairwise identities, endpoint-conditional projections, and explicitly proved existence cases only.","model_redesign/pivotal_response_interfaces/institutional_comparison_v1.json@cab69c5ddda3616f51c697c189c86316df5546501a183eb6cc9e437dc813f3af#/claim_status/universal_institutional_dominance | model_redesign/pivotal_response_interfaces/institutional_comparison_review_v1.json@0acd9648eb7e03d4dabfaa91ffd559fe3c5b6f61a96ba676d6c6ccd9d4c6bb3c#/consumer_contract/selection_boundary","All players, assessment pairs, costs, and primitive-admissible N at least 3 cases.","pending","Current endpoint information and payoff floors do not identify a universal ordering.","A favorable assessment pair cannot be reported as selection-free."
"SM037","formal_model_v6.Rmd","L228-L238","Zero cost always forms and sufficiently high cost prevents formation.","conditional","Every assessment under both rules forms at zero cost; every assessment under both rules does not form above the common resource ceiling; at the ceiling, formation depends on upper-endpoint attainment, with majority attainment proved for N at least 4.","model_redesign/pivotal_response_interfaces/institutional_comparison_v1.json@cab69c5ddda3616f51c697c189c86316df5546501a183eb6cc9e437dc813f3af#/special_endpoint_consequences | model_redesign/pivotal_response_interfaces/entry_batch_review_v1.json@8817a9c505ce9e5b79deea1b38055d88a629e740e324fbcd5bca707b108b5433#/consumer_contract/equality_rule","All N at least 3 for zero and above-ceiling costs; ceiling attainment has stated group-size scope.","retain_with_rewrite","Do not infer upper-endpoint formation from a supremum without attainment.","The cost is external and is not subtracted before bargaining."
"SM038","formal_model_v5.Rmd","L1044-L1044","Positive recognition probability for H is an agenda-power extension.","outside_scope","Keep H proposal recognition outside the current baseline; it creates a different signaling and proposal-power game requiring a new Gate 0 and full backward induction.","model_redesign/pivotal_response_interfaces/gate0_contract_v1.json@cd4316adb5056142e4ac1119c24f75c136b27d574246818e92bc9600407cf245#/primitive_domain/recognition | model_redesign/pivotal_response_interfaces/institutional_comparison_v1.json@cab69c5ddda3616f51c697c189c86316df5546501a183eb6cc9e437dc813f3af#/rejected_shortcuts","Current baseline only.","do_not_add","No current interface contains an H-proposer state.","This is neither tested nor rejected for its own different game."
"SM039","formal_model_v5.Rmd","L1046-L1046","Endogenous constitutional rule choice may signal H's type.","outside_scope","The current comparison holds each rule fixed counterfactually and contains no rule-choice or rule-signaling stage.","model_redesign/pivotal_response_interfaces/institutional_comparison_v1.json@cab69c5ddda3616f51c697c189c86316df5546501a183eb6cc9e437dc813f3af#/counterfactual_comparison_protocol | model_redesign/pivotal_response_interfaces/institutional_comparison_review_v1.json@0acd9648eb7e03d4dabfaa91ffd559fe3c5b6f61a96ba676d6c6ccd9d4c6bb3c#/consumer_contract/selection_boundary","Fixed-rule counterfactual comparison only.","do_not_add","Endogenous choice requires new actions, beliefs, and equilibria.","Fixed-rule payoff differences must not be interpreted as signaling."
"SM040","AGENTS.md","L157-L198","AGENTS records the old random-proposer and Baron-Ferejohn formulas as diagnostic history for an earlier architecture.","outside_scope","Treat every historical alpha, state-dependent pie, random-proposer coefficient, and associated payoff formula as diagnostic history for a different game; none is current evidence.","model_redesign/pivotal_response_interfaces/gate0_contract_v1.json@cd4316adb5056142e4ac1119c24f75c136b27d574246818e92bc9600407cf245#/provenance | model_redesign/pivotal_response_interfaces/institutional_comparison_review_v1.json@0acd9648eb7e03d4dabfaa91ffd559fe3c5b6f61a96ba676d6c6ccd9d4c6bb3c#/conditions","Archived random-proposer and state-dependent-pie architectures only.","do_not_add","Primitives, recognition, contract space, and voting solution differ.","Only the external-outside-option accounting invariant survives separately in SM008."
"SM041","AGENTS.md","L247-L311","AGENTS records the old OPEC calibration, endpoint gaps, dominance window, and nesting gaps as calibrated or parametric results of the historical corrected branch.","outside_scope","Retain these numerical results only as historical diagnostics for the archived feasibility game; no parameter value, cutoff, gap, or calibrated classification transfers to the current correspondence.","model_redesign/pivotal_response_interfaces/gate0_contract_v1.json@cd4316adb5056142e4ac1119c24f75c136b27d574246818e92bc9600407cf245#/provenance | model_redesign/pivotal_response_interfaces/institutional_comparison_v1.json@cab69c5ddda3616f51c697c189c86316df5546501a183eb6cc9e437dc813f3af#/rejected_shortcuts","Archived feasibility branch and its OPEC numerical illustration only.","do_not_add","No current numerical re-evaluation under the approved correspondence exists.","A substantive OPEC interpretation may be rewritten later without importing these numbers."
"SM042","formal_model_v5.Rmd","L246-L255","The historical Strict No-Cheap-H inequality is sufficient to select the no-H majority benchmark for every belief.","rejected","No current No-Cheap-H theorem selects one majority assessment or removes the separating and H-including branches of the full correspondence; any future sufficient restriction must be newly stated and proved against the full proposal-contingent completion map.","model_redesign/pivotal_response_interfaces/r1_majority_v1.json@21c3a9dd2d6c9d25450978c2f7d9925af02e478b9c03d421d2a7b0f9aa2c77c9#/existence_and_multiplicity | model_redesign/pivotal_response_interfaces/institutional_comparison_v1.json@cab69c5ddda3616f51c697c189c86316df5546501a183eb6cc9e437dc813f3af#/rejected_shortcuts","Historical v5 scalar-selection condition versus the current unrestricted PBE correspondence.","remove","The old inequality was proved for a selected scalar benchmark and cannot delete current branches.","The concept may motivate an extension but is not a current result; SM015 separately classifies the no-screening and single-payoff consequences."
"SM043","AGENTS.md","L10-L18","AGENTS classifies the closed Goal-3 undominated-voting artifacts as historical and forbids their migration to v6.","outside_scope","Treat every Goal-3 artifact and historical undominated-voting result as quarantined, nonconsumable provenance; the current object is PBE with local outcome relevance and explicit zero-relevance completions.","model_redesign/pivotal_response_interfaces/gate0_contract_v1.json@cd4316adb5056142e4ac1119c24f75c136b27d574246818e92bc9600407cf245#/provenance | quality_reports/2026-08-11_pivotal_response_protected_hash_manifest.tsv@e6c2dcaea628acf84ea77853448b185b189e24d7b809e540e442fd820b0d6d6c#quarantined","Quarantined historical project only.","do_not_add","The historical solution concept and equality treatment are not current dependencies.","Historical names may appear only in provenance fields such as this row."
"SM044","formal_model_v6.Rmd","L649-L669","v6 identifies hybrid exit, delayed continuation, and net-threshold microfoundations as alternative architectures excluded from the current baseline.","outside_scope","Keep delayed-continuation, hybrid-exit, and decomposed-benefit architectures outside the baseline; adding any of them changes payoffs and reopens Gate 0 and every descendant.","model_redesign/pivotal_response_interfaces/gate0_contract_v1.json@cd4316adb5056142e4ac1119c24f75c136b27d574246818e92bc9600407cf245#/hegemon_optout | model_redesign/pivotal_response_interfaces/institutional_comparison_review_v1.json@0acd9648eb7e03d4dabfaa91ffd559fe3c5b6f61a96ba676d6c6ccd9d4c6bb3c#/invalidation","Current immediate-opt-out baseline only.","do_not_add","These alternatives change action consequences and continuation dating.","They are not tested by the current proofs."
"SM045","AGENTS.md","L323-L330","The clean reset must be rederived and checked before editing v6; the target still requires a full coherence review after any later migration, and agenda-power material remains an extension.","pending","No migration is authorized by this matrix. Formal_model_v6 remains protected and byte-identical; migration can begin only after this exact candidate passes two independent read-only reviews and the later integration phase is explicitly opened.","quality_reports/2026-08-11_pivotal_response_protected_hash_manifest.tsv@e6c2dcaea628acf84ea77853448b185b189e24d7b809e540e442fd820b0d6d6c#formal_model_v6.Rmd | model_redesign/pivotal_response_interfaces/institutional_comparison_review_v1.json@0acd9648eb7e03d4dabfaa91ffd559fe3c5b6f61a96ba676d6c6ccd9d4c6bb3c#/consumer_contract/survival_boundary","Protected v5 and v6 sources and outputs; nonmigratory survival phase only.","pending","Two independent reviews of this exact matrix hash are still required; manuscript integration is a later node.","This row is a governance gate, not a substantive theorem."
"SM046","formal_model_v5.Rmd","L57-L69","Unanimity can create informational power through H's private response threshold.","conditional","Retain only the possibility claim: some complete unanimity assessments can pool or separate H's types and generate response-based informational rents; this does not imply majority has no screening, that unanimity always forms, or that H prefers unanimity.","model_redesign/pivotal_response_interfaces/r2_unanimity_active_h_v1.json@f3ca4ebf28827d7e18d9f3a2d07d41ffd6fe57532c9af09300f20a8ab5cecf10#/recognized_proposer_N3 | model_redesign/pivotal_response_interfaces/r1_unanimity_v1.json@37aae1bfe7921c6c90aff5d05ed301f8729c2b899477991619bcf0cb6c96e8b5#/constructive_subclasses","Existence and possibility in explicitly constructed assessment subclasses.","retain_with_rewrite","The mechanism must be separated from rule ranking and universal payoff claims.","Use possibility language calibrated to the set-valued design."
"SM047","formal_model_v6.Rmd","L228-L238","Collective formation occurs at payoff-cost equality and the cost is external.","survives","For each complete assessment, weak states form if and only if its collective gross value weakly exceeds the nonnegative external cost; equality forms and nonformation leaves weak payoffs at zero and H at outside options.","model_redesign/pivotal_response_interfaces/entry_batch_review_v1.json@8817a9c505ce9e5b79deea1b38055d88a629e740e324fbcd5bca707b108b5433#/consumer_contract | model_redesign/pivotal_response_interfaces/institutional_comparison_v1.json@cab69c5ddda3616f51c697c189c86316df5546501a183eb6cc9e437dc813f3af#/pairwise_operator","Assessment by assessment under either fixed rule; all nonnegative costs.","retain_with_rewrite","The assessment index and aligned outcome distribution must remain attached.","Do not average or optimize across assessments."
"SM048","formal_model_v6.Rmd","L362-L378","The terminal unanimity maximum of pooling and low-only values is the weak proposer's equilibrium value.","conditional","The same maximum survives as an attained upper envelope of the recognized-proposer scalar projection, while lower-valued and outcome-distinct assessments remain in the full correspondence; it is not an all-PBE scalar payoff.","model_redesign/pivotal_response_interfaces/r2_unanimity_active_h_v1.json@f3ca4ebf28827d7e18d9f3a2d07d41ffd6fe57532c9af09300f20a8ab5cecf10#/recognized_proposer_N3 | model_redesign/pivotal_response_interfaces/r2_unanimity_active_h_v1.json@f3ca4ebf28827d7e18d9f3a2d07d41ffd6fe57532c9af09300f20a8ab5cecf10#/recognized_proposer_Nge4/proposer_scalar_payoff_projection","Recognized terminal unanimity proposer; all N at least 3, with the full boundary cases retained.","retain_with_rewrite","The upper envelope cannot replace the vector continuation correspondence.","This row qualifies, rather than reverses, the rejection of the all-PBE scalar claim in SM016."
"SM049","formal_model_v6.Rmd","L380-L392","A terminal majority proposer with H active can retain the unit weak pie.","conditional","For group sizes three through five with strictly positive low-type outside option, the recognized-proposer payoff projection is the singleton one, but proposal, inclusion, opt-out, belief, and type-outcome multiplicity remains.","model_redesign/pivotal_response_interfaces/r2_majority_active_h_v1.json@a4ae73e9bb4114490bbc517732eca0ff7f5368186aee1a02388a8f85f52568b2#/proposal_stage_characterization/N_3_to_5_o0_positive | model_redesign/pivotal_response_interfaces/r2_batch_review_v1.json@00f84d4221d100f0def858e8c8bf19a58f79522f217118693837edf73583316a#/conditions","Terminal majority with H active; three no greater than N no greater than five; o_0 strictly positive.","retain_with_rewrite","Do not extrapolate the singleton to o_0 equal to zero, N at least 6, or collective entry values.","This is a proposer projection, not a full assessment uniqueness result."
"SM050","formal_model_v6.Rmd","L380-L392","Terminal weak-only majority yields the representative weak payoff one divided by the number of weak states.","conditional","At N equal to three, the pre-recognition weak-only continuation is uniquely one half for each weak identity, generated by the unique zero-gift proposal and the sole nonproposer's yes response.","model_redesign/pivotal_response_interfaces/r2_majority_weak_only_v1.json@e0ec6cd35e145f04d1a2897fc1f78157f2b0d45de478046ac5451b2df0a74b5d#/pre_recognition_continuation/N_equals_3 | model_redesign/pivotal_response_interfaces/r2_majority_weak_only_v1.json@e0ec6cd35e145f04d1a2897fc1f78157f2b0d45de478046ac5451b2df0a74b5d#/conditional_on_recognized_proposer/N_equals_3","Weak-only terminal majority at N equal to three only.","retain_with_rewrite","The uniqueness statement stops at this group-size boundary.","H's current flow is zero because its outside payoff was already realized at opt-out."
"SM051","formal_model_v6.Rmd","L380-L392","Terminal weak-only majority can attain aggregate weak payoff one and representative payoff one divided by the number of weak states.","conditional","For every N at least four, aggregate weak payoff one is attainable within the weak-only continuation correspondence, but it coexists with lower aggregate values, failure outcomes, positive gifts, and distinct identity allocations.","model_redesign/pivotal_response_interfaces/r2_majority_weak_only_v1.json@e0ec6cd35e145f04d1a2897fc1f78157f2b0d45de478046ac5451b2df0a74b5d#/pre_recognition_continuation/behavioral_aggregate_attainability | model_redesign/pivotal_response_interfaces/r2_majority_weak_only_v1.json@e0ec6cd35e145f04d1a2897fc1f78157f2b0d45de478046ac5451b2df0a74b5d#/existence_and_boundaries","Weak-only terminal majority at N at least four; attainability, not uniqueness.","retain_with_rewrite","Do not turn an attained upper value into a selected continuation or all-PBE value.","Identity-specific payoffs and the outcome distribution remain attached."
"SM052","formal_model_v6.Rmd","L485-L511","For N equal to three, the historical majority security maximum is the recognized proposer's Round-1 payoff.","conditional","When N equals three and o_0 is strictly positive, the current recognized-proposer payoff projection is the singleton maximum of the exclusion, low-only, and pooling numerical components; this algebraic projection does not characterize the full assessment or entry correspondence.","model_redesign/pivotal_response_interfaces/r1_majority_v1.json@21c3a9dd2d6c9d25450978c2f7d9925af02e478b9c03d421d2a7b0f9aa2c77c9#/closed_results/N_equals_3/recognized_proposer_projection_o0_positive | model_redesign/pivotal_response_interfaces/r1_majority_v1.json@21c3a9dd2d6c9d25450978c2f7d9925af02e478b9c03d421d2a7b0f9aa2c77c9#/pre_recognition_interface","Round-1 majority; N equal to three; o_0 strictly positive; proposer projection only.","retain_with_rewrite","At o_0 equal to zero the current projection is generally an interval, and downstream entry uses full type-by-identity payoffs.","This row preserves the exact small-group algebra without reviving the global scalar theorem in SM020."
