"fixture_id","N","alpha_U","alpha_M","mu","chi","G_U","G_M","e_U","e_M","pattern","W_U","W_M","Delta_W","C1_H_U_0","C1_H_U_1","C1_H_M_0","C1_H_M_1","H_U_0","H_U_1","H_M_0","H_M_1","Delta_H_mu","outcome_U_fingerprint","outcome_M_fingerprint"
1,7,"U1","M1",0.356719496892765,0,0.105167884894846,0.0713719333635522,1,1,"both",0.105167884894846,0.0713719333635522,0.0337959515312935,0.518225537522443,0.705348758913176,0.537139894002124,0.571569298172882,0.518225537522443,0.705348758913176,0.537139894002124,0.571569298172882,0.0355545051776643,"U1_i_1_z_1_t_0|U1_i_2_z_1_t_0|U1_i_3_z_1_t_0|U1_i_4_z_1_t_0|U1_i_5_z_1_t_0|U1_i_6_z_1_t_0|U1_i_1_z_2_t_0|U1_i_2_z_2_t_0|U1_i_3_z_2_t_0|U1_i_4_z_2_t_0|U1_i_5_z_2_t_0|U1_i_6_z_2_t_0|U1_i_1_z_1_t_1|U1_i_2_z_1_t_1|U1_i_3_z_1_t_1|U1_i_4_z_1_t_1|U1_i_5_z_1_t_1|U1_i_6_z_1_t_1|U1_i_1_z_2_t_1|U1_i_2_z_2_t_1|U1_i_3_z_2_t_1|U1_i_4_z_2_t_1|U1_i_5_z_2_t_1|U1_i_6_z_2_t_1","M1_i_1_z_1_t_0|M1_i_2_z_1_t_0|M1_i_3_z_1_t_0|M1_i_4_z_1_t_0|M1_i_5_z_1_t_0|M1_i_6_z_1_t_0|M1_i_1_z_2_t_0|M1_i_2_z_2_t_0|M1_i_3_z_2_t_0|M1_i_4_z_2_t_0|M1_i_5_z_2_t_0|M1_i_6_z_2_t_0|M1_i_1_z_1_t_1|M1_i_2_z_1_t_1|M1_i_3_z_1_t_1|M1_i_4_z_1_t_1|M1_i_5_z_1_t_1|M1_i_6_z_1_t_1|M1_i_1_z_2_t_1|M1_i_2_z_2_t_1|M1_i_3_z_2_t_1|M1_i_4_z_2_t_1|M1_i_5_z_2_t_1|M1_i_6_z_2_t_1"
2,3,"U2","M2",0.581983826123178,0.198992072311722,0.198992072311722,0.303679672213347,1,1,"both",0,0.104687599901625,-0.104687599901625,0.518859350592715,0.756065110875126,0.490147880744588,0.9178117168911,0.518859350592715,0.756065110875126,0.490147880744588,0.9178117168911,-0.0821320498593208,"U2_i_1_z_1_t_0|U2_i_2_z_1_t_0|U2_i_1_z_2_t_0|U2_i_2_z_2_t_0|U2_i_1_z_1_t_1|U2_i_2_z_1_t_1|U2_i_1_z_2_t_1|U2_i_2_z_2_t_1","M2_i_1_z_1_t_0|M2_i_2_z_1_t_0|M2_i_1_z_2_t_0|M2_i_2_z_2_t_0|M2_i_1_z_1_t_1|M2_i_2_z_1_t_1|M2_i_1_z_2_t_1|M2_i_2_z_2_t_1"
3,6,"U3","M3",0.914547277148813,0.111733685017426,0.0740633528101755,0.111733685017426,0,1,"M_only",0,0,0,0.276849785960393,0.726344360970607,0.406920067701028,0.705568797666264,0.104378101369366,0.216458351485293,0.406920067701028,0.705568797666264,-0.473167661579641,"U3_i_1_z_1_t_0|U3_i_2_z_1_t_0|U3_i_3_z_1_t_0|U3_i_4_z_1_t_0|U3_i_5_z_1_t_0|U3_i_1_z_2_t_0|U3_i_2_z_2_t_0|U3_i_3_z_2_t_0|U3_i_4_z_2_t_0|U3_i_5_z_2_t_0|U3_i_1_z_1_t_1|U3_i_2_z_1_t_1|U3_i_3_z_1_t_1|U3_i_4_z_1_t_1|U3_i_5_z_1_t_1|U3_i_1_z_2_t_1|U3_i_2_z_2_t_1|U3_i_3_z_2_t_1|U3_i_4_z_2_t_1|U3_i_5_z_2_t_1","M3_i_1_z_1_t_0|M3_i_2_z_1_t_0|M3_i_3_z_1_t_0|M3_i_4_z_1_t_0|M3_i_5_z_1_t_0|M3_i_1_z_2_t_0|M3_i_2_z_2_t_0|M3_i_3_z_2_t_0|M3_i_4_z_2_t_0|M3_i_5_z_2_t_0|M3_i_1_z_1_t_1|M3_i_2_z_1_t_1|M3_i_3_z_1_t_1|M3_i_4_z_1_t_1|M3_i_5_z_1_t_1|M3_i_1_z_2_t_1|M3_i_2_z_2_t_1|M3_i_3_z_2_t_1|M3_i_4_z_2_t_1|M3_i_5_z_2_t_1"
4,5,"U4","M4",0.51236559660174,0.25,0.106256938450273,0.157874222504757,0,0,"neither",0,0,0,0.698741276831251,0.973887139797007,0.737370468305971,0.970155685281196,0.270765383262187,0.949000151473072,0.270765383262187,0.949000151473072,0,"U4_i_1_z_1_t_0|U4_i_2_z_1_t_0|U4_i_3_z_1_t_0|U4_i_4_z_1_t_0|U4_i_1_z_2_t_0|U4_i_2_z_2_t_0|U4_i_3_z_2_t_0|U4_i_4_z_2_t_0|U4_i_1_z_1_t_1|U4_i_2_z_1_t_1|U4_i_3_z_1_t_1|U4_i_4_z_1_t_1|U4_i_1_z_2_t_1|U4_i_2_z_2_t_1|U4_i_3_z_2_t_1|U4_i_4_z_2_t_1","M4_i_1_z_1_t_0|M4_i_2_z_1_t_0|M4_i_3_z_1_t_0|M4_i_4_z_1_t_0|M4_i_1_z_2_t_0|M4_i_2_z_2_t_0|M4_i_3_z_2_t_0|M4_i_4_z_2_t_0|M4_i_1_z_1_t_1|M4_i_2_z_1_t_1|M4_i_3_z_1_t_1|M4_i_4_z_1_t_1|M4_i_1_z_2_t_1|M4_i_2_z_2_t_1|M4_i_3_z_2_t_1|M4_i_4_z_2_t_1"
5,3,"U5","M5",0.019713185261935,0.394759706570767,0.145276378600799,0.268519310360542,0,0,"neither",0,0,0,0.616555771222323,0.96829729900274,0.594754550709254,0.908631945858,0.0708973777480423,0.851263021623106,0.0708973777480423,0.851263021623106,0,"U5_i_1_z_1_t_0|U5_i_2_z_1_t_0|U5_i_1_z_2_t_0|U5_i_2_z_2_t_0|U5_i_1_z_1_t_1|U5_i_2_z_1_t_1|U5_i_1_z_2_t_1|U5_i_2_z_2_t_1","M5_i_1_z_1_t_0|M5_i_2_z_1_t_0|M5_i_1_z_2_t_0|M5_i_2_z_2_t_0|M5_i_1_z_1_t_1|M5_i_2_z_1_t_1|M5_i_1_z_2_t_1|M5_i_2_z_2_t_1"
6,4,"U6","M6",0.533438817365095,0.353333333333333,0.172596341619831,0.187427942234425,0,0,"neither",0,0,0,0.579902974083477,0.852175384653073,0.433001130986307,0.865532431810546,0.00118625785689801,0.737354154733505,0.00118625785689801,0.737354154733505,0,"U6_i_1_z_1_t_0|U6_i_2_z_1_t_0|U6_i_3_z_1_t_0|U6_i_1_z_2_t_0|U6_i_2_z_2_t_0|U6_i_3_z_2_t_0|U6_i_1_z_1_t_1|U6_i_2_z_1_t_1|U6_i_3_z_1_t_1|U6_i_1_z_2_t_1|U6_i_2_z_2_t_1|U6_i_3_z_2_t_1","M6_i_1_z_1_t_0|M6_i_2_z_1_t_0|M6_i_3_z_1_t_0|M6_i_1_z_2_t_0|M6_i_2_z_2_t_0|M6_i_3_z_2_t_0|M6_i_1_z_1_t_1|M6_i_2_z_1_t_1|M6_i_3_z_1_t_1|M6_i_1_z_2_t_1|M6_i_2_z_2_t_1|M6_i_3_z_2_t_1"
7,3,"U7","M7",0.669260469730943,0,0.256018214105502,0.212586037365523,1,1,"both",0.256018214105502,0.212586037365523,0.0434321767399795,0.63959985337988,0.877633092596655,0.553162131720707,0.769643136534258,0.63959985337988,0.877633092596655,0.553162131720707,0.769643136534258,0.100861780179626,"U7_i_1_z_1_t_0|U7_i_2_z_1_t_0|U7_i_1_z_2_t_0|U7_i_2_z_2_t_0|U7_i_1_z_1_t_1|U7_i_2_z_1_t_1|U7_i_1_z_2_t_1|U7_i_2_z_2_t_1","M7_i_1_z_1_t_0|M7_i_2_z_1_t_0|M7_i_1_z_2_t_0|M7_i_2_z_2_t_0|M7_i_1_z_1_t_1|M7_i_2_z_1_t_1|M7_i_1_z_2_t_1|M7_i_2_z_2_t_1"
8,7,"U8","M8",0.0426540179178119,0.0953310212325445,0.0953310212325445,0.073989969351063,1,0,"U_only",0,0,0,0.612005469169653,0.886828361866637,0.462770134302567,0.85988315310455,0.612005469169653,0.886828361866637,0.118808393971995,0.706510697611384,0.479851511197207,"U8_i_1_z_1_t_0|U8_i_2_z_1_t_0|U8_i_3_z_1_t_0|U8_i_4_z_1_t_0|U8_i_5_z_1_t_0|U8_i_6_z_1_t_0|U8_i_1_z_2_t_0|U8_i_2_z_2_t_0|U8_i_3_z_2_t_0|U8_i_4_z_2_t_0|U8_i_5_z_2_t_0|U8_i_6_z_2_t_0|U8_i_1_z_1_t_1|U8_i_2_z_1_t_1|U8_i_3_z_1_t_1|U8_i_4_z_1_t_1|U8_i_5_z_1_t_1|U8_i_6_z_1_t_1|U8_i_1_z_2_t_1|U8_i_2_z_2_t_1|U8_i_3_z_2_t_1|U8_i_4_z_2_t_1|U8_i_5_z_2_t_1|U8_i_6_z_2_t_1","M8_i_1_z_1_t_0|M8_i_2_z_1_t_0|M8_i_3_z_1_t_0|M8_i_4_z_1_t_0|M8_i_5_z_1_t_0|M8_i_6_z_1_t_0|M8_i_1_z_2_t_0|M8_i_2_z_2_t_0|M8_i_3_z_2_t_0|M8_i_4_z_2_t_0|M8_i_5_z_2_t_0|M8_i_6_z_2_t_0|M8_i_1_z_1_t_1|M8_i_2_z_1_t_1|M8_i_3_z_1_t_1|M8_i_4_z_1_t_1|M8_i_5_z_1_t_1|M8_i_6_z_1_t_1|M8_i_1_z_2_t_1|M8_i_2_z_2_t_1|M8_i_3_z_2_t_1|M8_i_4_z_2_t_1|M8_i_5_z_2_t_1|M8_i_6_z_2_t_1"
9,4,"U9","M9",0.382238308899105,0.215820980110147,0.180714065518055,0.215820980110147,0,1,"M_only",0,0,0,0.638647111433987,0.93386337024619,0.545135058226977,0.919811736686632,0.297219796408899,0.841753522450729,0.545135058226977,0.919811736686632,-0.182989391195673,"U9_i_1_z_1_t_0|U9_i_2_z_1_t_0|U9_i_3_z_1_t_0|U9_i_1_z_2_t_0|U9_i_2_z_2_t_0|U9_i_3_z_2_t_0|U9_i_1_z_1_t_1|U9_i_2_z_1_t_1|U9_i_3_z_1_t_1|U9_i_1_z_2_t_1|U9_i_2_z_2_t_1|U9_i_3_z_2_t_1","M9_i_1_z_1_t_0|M9_i_2_z_1_t_0|M9_i_3_z_1_t_0|M9_i_1_z_2_t_0|M9_i_2_z_2_t_0|M9_i_3_z_2_t_0|M9_i_1_z_1_t_1|M9_i_2_z_1_t_1|M9_i_3_z_1_t_1|M9_i_1_z_2_t_1|M9_i_2_z_2_t_1|M9_i_3_z_2_t_1"
10,3,"U10","M10",0.0234961048699915,0.5,0.203181495625104,0.17028414389696,0,0,"neither",0,0,0,0.6231341478345,0.887254755474533,0.461920324818542,0.848215639437863,0.237183169252239,0.754923817362742,0.237183169252239,0.754923817362742,0,"U10_i_1_z_1_t_0|U10_i_2_z_1_t_0|U10_i_1_z_2_t_0|U10_i_2_z_2_t_0|U10_i_1_z_1_t_1|U10_i_2_z_1_t_1|U10_i_1_z_2_t_1|U10_i_2_z_2_t_1","M10_i_1_z_1_t_0|M10_i_2_z_1_t_0|M10_i_1_z_2_t_0|M10_i_2_z_2_t_0|M10_i_1_z_1_t_1|M10_i_2_z_1_t_1|M10_i_1_z_2_t_1|M10_i_2_z_2_t_1"
11,3,"U11","M11",0.106843827525154,0.23674927582033,0.231709033658423,0.253930164249499,0,1,"M_only",0,0.0171808884291689,-0.0171808884291689,0.460121800332948,0.715452403238825,0.449162701183274,0.653935321527323,0.0935874358518049,0.366332101017061,0.449162701183274,0.653935321527323,-0.34831287189806,"U11_i_1_z_1_t_0|U11_i_2_z_1_t_0|U11_i_1_z_2_t_0|U11_i_2_z_2_t_0|U11_i_1_z_1_t_1|U11_i_2_z_1_t_1|U11_i_1_z_2_t_1|U11_i_2_z_2_t_1","M11_i_1_z_1_t_0|M11_i_2_z_1_t_0|M11_i_1_z_2_t_0|M11_i_2_z_2_t_0|M11_i_1_z_1_t_1|M11_i_2_z_1_t_1|M11_i_1_z_2_t_1|M11_i_2_z_2_t_1"
12,6,"U12","M12",0.689030544832349,0.22,0.109027179711028,0.104007762565773,0,0,"neither",0,0,0,0.396349713525476,0.698829693157444,0.354309123645973,0.783411088210904,0.0477702249772847,0.415120402432767,0.0477702249772847,0.415120402432767,0,"U12_i_1_z_1_t_0|U12_i_2_z_1_t_0|U12_i_3_z_1_t_0|U12_i_4_z_1_t_0|U12_i_5_z_1_t_0|U12_i_1_z_2_t_0|U12_i_2_z_2_t_0|U12_i_3_z_2_t_0|U12_i_4_z_2_t_0|U12_i_5_z_2_t_0|U12_i_1_z_1_t_1|U12_i_2_z_1_t_1|U12_i_3_z_1_t_1|U12_i_4_z_1_t_1|U12_i_5_z_1_t_1|U12_i_1_z_2_t_1|U12_i_2_z_2_t_1|U12_i_3_z_2_t_1|U12_i_4_z_2_t_1|U12_i_5_z_2_t_1","M12_i_1_z_1_t_0|M12_i_2_z_1_t_0|M12_i_3_z_1_t_0|M12_i_4_z_1_t_0|M12_i_5_z_1_t_0|M12_i_1_z_2_t_0|M12_i_2_z_2_t_0|M12_i_3_z_2_t_0|M12_i_4_z_2_t_0|M12_i_5_z_2_t_0|M12_i_1_z_1_t_1|M12_i_2_z_1_t_1|M12_i_3_z_1_t_1|M12_i_4_z_1_t_1|M12_i_5_z_1_t_1|M12_i_1_z_2_t_1|M12_i_2_z_2_t_1|M12_i_3_z_2_t_1|M12_i_4_z_2_t_1|M12_i_5_z_2_t_1"
13,3,"U13","M13",0.0257873844821006,0,0.183577578831129,0.188543630899305,1,1,"both",0.183577578831129,0.188543630899305,-0.00496605206817632,0.330623991163033,0.925778664442153,0.706383684574469,0.805824420460861,0.330623991163033,0.925778664442153,0.706383684574469,0.805824420460861,-0.362976527514753,"U13_i_1_z_1_t_0|U13_i_2_z_1_t_0|U13_i_1_z_2_t_0|U13_i_2_z_2_t_0|U13_i_1_z_1_t_1|U13_i_2_z_1_t_1|U13_i_1_z_2_t_1|U13_i_2_z_2_t_1","M13_i_1_z_1_t_0|M13_i_2_z_1_t_0|M13_i_1_z_2_t_0|M13_i_2_z_2_t_0|M13_i_1_z_1_t_1|M13_i_2_z_1_t_1|M13_i_1_z_2_t_1|M13_i_2_z_2_t_1"
14,3,"U14","M14",0.359970592195168,0.321877790786233,0.321877790786233,0.290122590384657,1,0,"U_only",0,0,0,0.508284733598036,0.716130976327152,0.74440842724234,0.802290223520547,0.508284733598036,0.716130976327152,0.120319711812772,0.452366682636459,0.343256412141991,"U14_i_1_z_1_t_0|U14_i_2_z_1_t_0|U14_i_1_z_2_t_0|U14_i_2_z_2_t_0|U14_i_1_z_1_t_1|U14_i_2_z_1_t_1|U14_i_1_z_2_t_1|U14_i_2_z_2_t_1","M14_i_1_z_1_t_0|M14_i_2_z_1_t_0|M14_i_1_z_2_t_0|M14_i_2_z_2_t_0|M14_i_1_z_1_t_1|M14_i_2_z_1_t_1|M14_i_1_z_2_t_1|M14_i_2_z_2_t_1"
15,4,"U15","M15",0.504671211820096,0.152627466712169,0.14862632188487,0.152627466712169,0,1,"M_only",0,0,0,0.75527656325868,0.974987574776138,0.776138297262631,0.976627893581904,0.169139099819586,0.930016840202665,0.776138297262631,0.976627893581904,-0.32418743368875,"U15_i_1_z_1_t_0|U15_i_2_z_1_t_0|U15_i_3_z_1_t_0|U15_i_1_z_2_t_0|U15_i_2_z_2_t_0|U15_i_3_z_2_t_0|U15_i_1_z_1_t_1|U15_i_2_z_1_t_1|U15_i_3_z_1_t_1|U15_i_1_z_2_t_1|U15_i_2_z_2_t_1|U15_i_3_z_2_t_1","M15_i_1_z_1_t_0|M15_i_2_z_1_t_0|M15_i_3_z_1_t_0|M15_i_1_z_2_t_0|M15_i_2_z_2_t_0|M15_i_3_z_2_t_0|M15_i_1_z_1_t_1|M15_i_2_z_1_t_1|M15_i_3_z_1_t_1|M15_i_1_z_2_t_1|M15_i_2_z_2_t_1|M15_i_3_z_2_t_1"
16,5,"U16","M16",0.282051354181021,0.25,0.0792399022074032,0.142235710136517,0,0,"neither",0,0,0,0.442854917440918,0.430216492277883,0.613316182610899,0.629600897756223,0.0290848356904462,0.253851845604869,0.0290848356904462,0.253851845604869,0,"U16_i_1_z_1_t_0|U16_i_2_z_1_t_0|U16_i_3_z_1_t_0|U16_i_4_z_1_t_0|U16_i_1_z_2_t_0|U16_i_2_z_2_t_0|U16_i_3_z_2_t_0|U16_i_4_z_2_t_0|U16_i_1_z_1_t_1|U16_i_2_z_1_t_1|U16_i_3_z_1_t_1|U16_i_4_z_1_t_1|U16_i_1_z_2_t_1|U16_i_2_z_2_t_1|U16_i_3_z_2_t_1|U16_i_4_z_2_t_1","M16_i_1_z_1_t_0|M16_i_2_z_1_t_0|M16_i_3_z_1_t_0|M16_i_4_z_1_t_0|M16_i_1_z_2_t_0|M16_i_2_z_2_t_0|M16_i_3_z_2_t_0|M16_i_4_z_2_t_0|M16_i_1_z_1_t_1|M16_i_2_z_1_t_1|M16_i_3_z_1_t_1|M16_i_4_z_1_t_1|M16_i_1_z_2_t_1|M16_i_2_z_2_t_1|M16_i_3_z_2_t_1|M16_i_4_z_2_t_1"
17,5,"U17","M17",0.629392097005621,0.191248863178771,0.115137110724182,0.127303688057772,0,0,"neither",0,0,0,0.378119430466172,0.766153270721617,0.7218176696816,0.771183987926365,0.227107831276953,0.619985467176421,0.227107831276953,0.619985467176421,0,"U17_i_1_z_1_t_0|U17_i_2_z_1_t_0|U17_i_3_z_1_t_0|U17_i_4_z_1_t_0|U17_i_1_z_2_t_0|U17_i_2_z_2_t_0|U17_i_3_z_2_t_0|U17_i_4_z_2_t_0|U17_i_1_z_1_t_1|U17_i_2_z_1_t_1|U17_i_3_z_1_t_1|U17_i_4_z_1_t_1|U17_i_1_z_2_t_1|U17_i_2_z_2_t_1|U17_i_3_z_2_t_1|U17_i_4_z_2_t_1","M17_i_1_z_1_t_0|M17_i_2_z_1_t_0|M17_i_3_z_1_t_0|M17_i_4_z_1_t_0|M17_i_1_z_2_t_0|M17_i_2_z_2_t_0|M17_i_3_z_2_t_0|M17_i_4_z_2_t_0|M17_i_1_z_1_t_1|M17_i_2_z_1_t_1|M17_i_3_z_1_t_1|M17_i_4_z_1_t_1|M17_i_1_z_2_t_1|M17_i_2_z_2_t_1|M17_i_3_z_2_t_1|M17_i_4_z_2_t_1"
18,5,"U18","M18",0.124693324090913,0.27,0.0878066476853745,0.135520302461879,0,0,"neither",0,0,0,0.603232394717384,0.814508578907058,0.31364397077691,0.838348184534274,0.123312260094099,0.600376526298959,0.123312260094099,0.600376526298959,0,"U18_i_1_z_1_t_0|U18_i_2_z_1_t_0|U18_i_3_z_1_t_0|U18_i_4_z_1_t_0|U18_i_1_z_2_t_0|U18_i_2_z_2_t_0|U18_i_3_z_2_t_0|U18_i_4_z_2_t_0|U18_i_1_z_1_t_1|U18_i_2_z_1_t_1|U18_i_3_z_1_t_1|U18_i_4_z_1_t_1|U18_i_1_z_2_t_1|U18_i_2_z_2_t_1|U18_i_3_z_2_t_1|U18_i_4_z_2_t_1","M18_i_1_z_1_t_0|M18_i_2_z_1_t_0|M18_i_3_z_1_t_0|M18_i_4_z_1_t_0|M18_i_1_z_2_t_0|M18_i_2_z_2_t_0|M18_i_3_z_2_t_0|M18_i_4_z_2_t_0|M18_i_1_z_1_t_1|M18_i_2_z_1_t_1|M18_i_3_z_1_t_1|M18_i_4_z_1_t_1|M18_i_1_z_2_t_1|M18_i_2_z_2_t_1|M18_i_3_z_2_t_1|M18_i_4_z_2_t_1"
19,3,"U19","M19",0.128559030825272,0,0.404809176040149,0.219581693215227,1,1,"both",0.404809176040149,0.219581693215227,0.185227482824922,0.449587303932686,0.710494152624092,0.700557604938811,0.625686529750641,0.449587303932686,0.710494152624092,0.700557604938811,0.625686529750641,-0.207803016539645,"U19_i_1_z_1_t_0|U19_i_2_z_1_t_0|U19_i_1_z_2_t_0|U19_i_2_z_2_t_0|U19_i_1_z_1_t_1|U19_i_2_z_1_t_1|U19_i_1_z_2_t_1|U19_i_2_z_2_t_1","M19_i_1_z_1_t_0|M19_i_2_z_1_t_0|M19_i_1_z_2_t_0|M19_i_2_z_2_t_0|M19_i_1_z_1_t_1|M19_i_2_z_1_t_1|M19_i_1_z_2_t_1|M19_i_2_z_2_t_1"
20,7,"U20","M20",0.0467171107884496,0.108129298530651,0.108129298530651,0.111090745788427,1,1,"both",0,0.00296144725777543,-0.00296144725777543,0.639427290229837,0.871957856255684,0.537724618574816,0.85765147010478,0.639427290229837,0.871957856255684,0.537724618574816,0.85765147010478,0.0976197697026262,"U20_i_1_z_1_t_0|U20_i_2_z_1_t_0|U20_i_3_z_1_t_0|U20_i_4_z_1_t_0|U20_i_5_z_1_t_0|U20_i_6_z_1_t_0|U20_i_1_z_2_t_0|U20_i_2_z_2_t_0|U20_i_3_z_2_t_0|U20_i_4_z_2_t_0|U20_i_5_z_2_t_0|U20_i_6_z_2_t_0|U20_i_1_z_1_t_1|U20_i_2_z_1_t_1|U20_i_3_z_1_t_1|U20_i_4_z_1_t_1|U20_i_5_z_1_t_1|U20_i_6_z_1_t_1|U20_i_1_z_2_t_1|U20_i_2_z_2_t_1|U20_i_3_z_2_t_1|U20_i_4_z_2_t_1|U20_i_5_z_2_t_1|U20_i_6_z_2_t_1","M20_i_1_z_1_t_0|M20_i_2_z_1_t_0|M20_i_3_z_1_t_0|M20_i_4_z_1_t_0|M20_i_5_z_1_t_0|M20_i_6_z_1_t_0|M20_i_1_z_2_t_0|M20_i_2_z_2_t_0|M20_i_3_z_2_t_0|M20_i_4_z_2_t_0|M20_i_5_z_2_t_0|M20_i_6_z_2_t_0|M20_i_1_z_1_t_1|M20_i_2_z_1_t_1|M20_i_3_z_1_t_1|M20_i_4_z_1_t_1|M20_i_5_z_1_t_1|M20_i_6_z_1_t_1|M20_i_1_z_2_t_1|M20_i_2_z_2_t_1|M20_i_3_z_2_t_1|M20_i_4_z_2_t_1|M20_i_5_z_2_t_1|M20_i_6_z_2_t_1"
21,5,"U21","M21",0.708661734825,0.139510472681054,0.119556671940024,0.139510472681054,0,1,"M_only",0,0,0,0.538302516341696,0.908262647150865,0.561974384115867,0.837493272710138,0.0813980135601014,0.6856829025938,0.561974384115867,0.837493272710138,-0.247592486332884,"U21_i_1_z_1_t_0|U21_i_2_z_1_t_0|U21_i_3_z_1_t_0|U21_i_4_z_1_t_0|U21_i_1_z_2_t_0|U21_i_2_z_2_t_0|U21_i_3_z_2_t_0|U21_i_4_z_2_t_0|U21_i_1_z_1_t_1|U21_i_2_z_1_t_1|U21_i_3_z_1_t_1|U21_i_4_z_1_t_1|U21_i_1_z_2_t_1|U21_i_2_z_2_t_1|U21_i_3_z_2_t_1|U21_i_4_z_2_t_1","M21_i_1_z_1_t_0|M21_i_2_z_1_t_0|M21_i_3_z_1_t_0|M21_i_4_z_1_t_0|M21_i_1_z_2_t_0|M21_i_2_z_2_t_0|M21_i_3_z_2_t_0|M21_i_4_z_2_t_0|M21_i_1_z_1_t_1|M21_i_2_z_1_t_1|M21_i_3_z_1_t_1|M21_i_4_z_1_t_1|M21_i_1_z_2_t_1|M21_i_2_z_2_t_1|M21_i_3_z_2_t_1|M21_i_4_z_2_t_1"
22,7,"U22","M22",0.939510678872466,0.166666666666667,0.082640976401732,0.0841817799026286,0,0,"neither",0,0,0,0.496115370732971,0.833847353623991,0.5657829185016,0.864969752589984,0.120398860867135,0.646087451540065,0.120398860867135,0.646087451540065,0,"U22_i_1_z_1_t_0|U22_i_2_z_1_t_0|U22_i_3_z_1_t_0|U22_i_4_z_1_t_0|U22_i_5_z_1_t_0|U22_i_6_z_1_t_0|U22_i_1_z_2_t_0|U22_i_2_z_2_t_0|U22_i_3_z_2_t_0|U22_i_4_z_2_t_0|U22_i_5_z_2_t_0|U22_i_6_z_2_t_0|U22_i_1_z_1_t_1|U22_i_2_z_1_t_1|U22_i_3_z_1_t_1|U22_i_4_z_1_t_1|U22_i_5_z_1_t_1|U22_i_6_z_1_t_1|U22_i_1_z_2_t_1|U22_i_2_z_2_t_1|U22_i_3_z_2_t_1|U22_i_4_z_2_t_1|U22_i_5_z_2_t_1|U22_i_6_z_2_t_1","M22_i_1_z_1_t_0|M22_i_2_z_1_t_0|M22_i_3_z_1_t_0|M22_i_4_z_1_t_0|M22_i_5_z_1_t_0|M22_i_6_z_1_t_0|M22_i_1_z_2_t_0|M22_i_2_z_2_t_0|M22_i_3_z_2_t_0|M22_i_4_z_2_t_0|M22_i_5_z_2_t_0|M22_i_6_z_2_t_0|M22_i_1_z_1_t_1|M22_i_2_z_1_t_1|M22_i_3_z_1_t_1|M22_i_4_z_1_t_1|M22_i_5_z_1_t_1|M22_i_6_z_1_t_1|M22_i_1_z_2_t_1|M22_i_2_z_2_t_1|M22_i_3_z_2_t_1|M22_i_4_z_2_t_1|M22_i_5_z_2_t_1|M22_i_6_z_2_t_1"
23,5,"U23","M23",0.0487139504402876,0.170000612910371,0.0438371864264218,0.111988963277221,0,0,"neither",0,0,0,0.635547752829065,0.779062686755844,0.626031568718493,0.836351344855727,0.0679746043402702,0.537092825252425,0.0679746043402702,0.537092825252425,0,"U23_i_1_z_1_t_0|U23_i_2_z_1_t_0|U23_i_3_z_1_t_0|U23_i_4_z_1_t_0|U23_i_1_z_2_t_0|U23_i_2_z_2_t_0|U23_i_3_z_2_t_0|U23_i_4_z_2_t_0|U23_i_1_z_1_t_1|U23_i_2_z_1_t_1|U23_i_3_z_1_t_1|U23_i_4_z_1_t_1|U23_i_1_z_2_t_1|U23_i_2_z_2_t_1|U23_i_3_z_2_t_1|U23_i_4_z_2_t_1","M23_i_1_z_1_t_0|M23_i_2_z_1_t_0|M23_i_3_z_1_t_0|M23_i_4_z_1_t_0|M23_i_1_z_2_t_0|M23_i_2_z_2_t_0|M23_i_3_z_2_t_0|M23_i_4_z_2_t_0|M23_i_1_z_1_t_1|M23_i_2_z_1_t_1|M23_i_3_z_1_t_1|M23_i_4_z_1_t_1|M23_i_1_z_2_t_1|M23_i_2_z_2_t_1|M23_i_3_z_2_t_1|M23_i_4_z_2_t_1"
24,5,"U24","M24",0.653297256212682,0.27,0.10640498069651,0.099688386462928,0,0,"neither",0,0,0,0.651827991627022,0.957385676112691,0.76024957967533,0.896623484531155,0.161248376523145,0.825314729651911,0.161248376523145,0.825314729651911,0,"U24_i_1_z_1_t_0|U24_i_2_z_1_t_0|U24_i_3_z_1_t_0|U24_i_4_z_1_t_0|U24_i_1_z_2_t_0|U24_i_2_z_2_t_0|U24_i_3_z_2_t_0|U24_i_4_z_2_t_0|U24_i_1_z_1_t_1|U24_i_2_z_1_t_1|U24_i_3_z_1_t_1|U24_i_4_z_1_t_1|U24_i_1_z_2_t_1|U24_i_2_z_2_t_1|U24_i_3_z_2_t_1|U24_i_4_z_2_t_1","M24_i_1_z_1_t_0|M24_i_2_z_1_t_0|M24_i_3_z_1_t_0|M24_i_4_z_1_t_0|M24_i_1_z_2_t_0|M24_i_2_z_2_t_0|M24_i_3_z_2_t_0|M24_i_4_z_2_t_0|M24_i_1_z_1_t_1|M24_i_2_z_1_t_1|M24_i_3_z_1_t_1|M24_i_4_z_1_t_1|M24_i_1_z_2_t_1|M24_i_2_z_2_t_1|M24_i_3_z_2_t_1|M24_i_4_z_2_t_1"
25,3,"U25","M25",0.046282418537885,0,0.4129875055253,0.197979304995928,1,1,"both",0.4129875055253,0.197979304995928,0.215008200529372,0.277136079409652,0.850277841438752,0.564694627332545,0.863076934797887,0.277136079409652,0.850277841438752,0.564694627332545,0.863076934797887,-0.274842015849532,"U25_i_1_z_1_t_0|U25_i_2_z_1_t_0|U25_i_1_z_2_t_0|U25_i_2_z_2_t_0|U25_i_1_z_1_t_1|U25_i_2_z_1_t_1|U25_i_1_z_2_t_1|U25_i_2_z_2_t_1","M25_i_1_z_1_t_0|M25_i_2_z_1_t_0|M25_i_1_z_2_t_0|M25_i_2_z_2_t_0|M25_i_1_z_1_t_1|M25_i_2_z_1_t_1|M25_i_1_z_2_t_1|M25_i_2_z_2_t_1"
26,7,"U26","M26",0.304264912148938,0.0926236092433494,0.0926236092433494,0.0839529918486123,1,0,"U_only",0,0,0,0.401162250738622,0.719908624522844,0.595621855244943,0.664697997003443,0.401162250738622,0.719908624522844,0.0780214005382732,0.34745912176566,0.338143743038736,"U26_i_1_z_1_t_0|U26_i_2_z_1_t_0|U26_i_3_z_1_t_0|U26_i_4_z_1_t_0|U26_i_5_z_1_t_0|U26_i_6_z_1_t_0|U26_i_1_z_2_t_0|U26_i_2_z_2_t_0|U26_i_3_z_2_t_0|U26_i_4_z_2_t_0|U26_i_5_z_2_t_0|U26_i_6_z_2_t_0|U26_i_1_z_1_t_1|U26_i_2_z_1_t_1|U26_i_3_z_1_t_1|U26_i_4_z_1_t_1|U26_i_5_z_1_t_1|U26_i_6_z_1_t_1|U26_i_1_z_2_t_1|U26_i_2_z_2_t_1|U26_i_3_z_2_t_1|U26_i_4_z_2_t_1|U26_i_5_z_2_t_1|U26_i_6_z_2_t_1","M26_i_1_z_1_t_0|M26_i_2_z_1_t_0|M26_i_3_z_1_t_0|M26_i_4_z_1_t_0|M26_i_5_z_1_t_0|M26_i_6_z_1_t_0|M26_i_1_z_2_t_0|M26_i_2_z_2_t_0|M26_i_3_z_2_t_0|M26_i_4_z_2_t_0|M26_i_5_z_2_t_0|M26_i_6_z_2_t_0|M26_i_1_z_1_t_1|M26_i_2_z_1_t_1|M26_i_3_z_1_t_1|M26_i_4_z_1_t_1|M26_i_5_z_1_t_1|M26_i_6_z_1_t_1|M26_i_1_z_2_t_1|M26_i_2_z_2_t_1|M26_i_3_z_2_t_1|M26_i_4_z_2_t_1|M26_i_5_z_2_t_1|M26_i_6_z_2_t_1"
27,5,"U27","M27",0.992115611908957,0.139227542904625,0.110589557151687,0.139227542904625,0,1,"M_only",0,0,0,0.67338532384172,0.596741759442467,0.54481235962127,0.684972055271173,0.178941386961378,0.299806602224307,0.54481235962127,0.684972055271173,-0.385013327875481,"U27_i_1_z_1_t_0|U27_i_2_z_1_t_0|U27_i_3_z_1_t_0|U27_i_4_z_1_t_0|U27_i_1_z_2_t_0|U27_i_2_z_2_t_0|U27_i_3_z_2_t_0|U27_i_4_z_2_t_0|U27_i_1_z_1_t_1|U27_i_2_z_1_t_1|U27_i_3_z_1_t_1|U27_i_4_z_1_t_1|U27_i_1_z_2_t_1|U27_i_2_z_2_t_1|U27_i_3_z_2_t_1|U27_i_4_z_2_t_1","M27_i_1_z_1_t_0|M27_i_2_z_1_t_0|M27_i_3_z_1_t_0|M27_i_4_z_1_t_0|M27_i_1_z_2_t_0|M27_i_2_z_2_t_0|M27_i_3_z_2_t_0|M27_i_4_z_2_t_0|M27_i_1_z_1_t_1|M27_i_2_z_1_t_1|M27_i_3_z_1_t_1|M27_i_4_z_1_t_1|M27_i_1_z_2_t_1|M27_i_2_z_2_t_1|M27_i_3_z_2_t_1|M27_i_4_z_2_t_1"
28,7,"U28","M28",0.249427246395499,0.166666666666667,0.073943219639568,0.0995764751560104,0,0,"neither",0,0,0,0.627793160096809,0.910520818752767,0.522275695982079,0.925959352525428,0.158319639111869,0.85241770656316,0.158319639111869,0.85241770656316,0,"U28_i_1_z_1_t_0|U28_i_2_z_1_t_0|U28_i_3_z_1_t_0|U28_i_4_z_1_t_0|U28_i_5_z_1_t_0|U28_i_6_z_1_t_0|U28_i_1_z_2_t_0|U28_i_2_z_2_t_0|U28_i_3_z_2_t_0|U28_i_4_z_2_t_0|U28_i_5_z_2_t_0|U28_i_6_z_2_t_0|U28_i_1_z_1_t_1|U28_i_2_z_1_t_1|U28_i_3_z_1_t_1|U28_i_4_z_1_t_1|U28_i_5_z_1_t_1|U28_i_6_z_1_t_1|U28_i_1_z_2_t_1|U28_i_2_z_2_t_1|U28_i_3_z_2_t_1|U28_i_4_z_2_t_1|U28_i_5_z_2_t_1|U28_i_6_z_2_t_1","M28_i_1_z_1_t_0|M28_i_2_z_1_t_0|M28_i_3_z_1_t_0|M28_i_4_z_1_t_0|M28_i_5_z_1_t_0|M28_i_6_z_1_t_0|M28_i_1_z_2_t_0|M28_i_2_z_2_t_0|M28_i_3_z_2_t_0|M28_i_4_z_2_t_0|M28_i_5_z_2_t_0|M28_i_6_z_2_t_0|M28_i_1_z_1_t_1|M28_i_2_z_1_t_1|M28_i_3_z_1_t_1|M28_i_4_z_1_t_1|M28_i_5_z_1_t_1|M28_i_6_z_1_t_1|M28_i_1_z_2_t_1|M28_i_2_z_2_t_1|M28_i_3_z_2_t_1|M28_i_4_z_2_t_1|M28_i_5_z_2_t_1|M28_i_6_z_2_t_1"
29,4,"U29","M29",0.0829426485579461,0.322811710104967,0.13931854710051,0.156591925256158,0,0,"neither",0,0,0,0.668839529697748,0.687166666261561,0.509487047032226,0.771063016372754,0.196609239536338,0.541735256492879,0.196609239536338,0.541735256492879,0,"U29_i_1_z_1_t_0|U29_i_2_z_1_t_0|U29_i_3_z_1_t_0|U29_i_1_z_2_t_0|U29_i_2_z_2_t_0|U29_i_3_z_2_t_0|U29_i_1_z_1_t_1|U29_i_2_z_1_t_1|U29_i_3_z_1_t_1|U29_i_1_z_2_t_1|U29_i_2_z_2_t_1|U29_i_3_z_2_t_1","M29_i_1_z_1_t_0|M29_i_2_z_1_t_0|M29_i_3_z_1_t_0|M29_i_1_z_2_t_0|M29_i_2_z_2_t_0|M29_i_3_z_2_t_0|M29_i_1_z_1_t_1|M29_i_2_z_1_t_1|M29_i_3_z_1_t_1|M29_i_1_z_2_t_1|M29_i_2_z_2_t_1|M29_i_3_z_2_t_1"
30,6,"U30","M30",0.504727785475552,0.22,0.110024167811338,0.097238428163701,0,0,"neither",0,0,0,0.723102826692787,0.81268894351998,0.53624361739484,0.783903918349867,0.131480056839064,0.490198250447046,0.131480056839064,0.490198250447046,0,"U30_i_1_z_1_t_0|U30_i_2_z_1_t_0|U30_i_3_z_1_t_0|U30_i_4_z_1_t_0|U30_i_5_z_1_t_0|U30_i_1_z_2_t_0|U30_i_2_z_2_t_0|U30_i_3_z_2_t_0|U30_i_4_z_2_t_0|U30_i_5_z_2_t_0|U30_i_1_z_1_t_1|U30_i_2_z_1_t_1|U30_i_3_z_1_t_1|U30_i_4_z_1_t_1|U30_i_5_z_1_t_1|U30_i_1_z_2_t_1|U30_i_2_z_2_t_1|U30_i_3_z_2_t_1|U30_i_4_z_2_t_1|U30_i_5_z_2_t_1","M30_i_1_z_1_t_0|M30_i_2_z_1_t_0|M30_i_3_z_1_t_0|M30_i_4_z_1_t_0|M30_i_5_z_1_t_0|M30_i_1_z_2_t_0|M30_i_2_z_2_t_0|M30_i_3_z_2_t_0|M30_i_4_z_2_t_0|M30_i_5_z_2_t_0|M30_i_1_z_1_t_1|M30_i_2_z_1_t_1|M30_i_3_z_1_t_1|M30_i_4_z_1_t_1|M30_i_5_z_1_t_1|M30_i_1_z_2_t_1|M30_i_2_z_2_t_1|M30_i_3_z_2_t_1|M30_i_4_z_2_t_1|M30_i_5_z_2_t_1"
31,5,"U31","M31",0.849400955950841,0,0.111623793218755,0.132123655636315,1,1,"both",0.111623793218755,0.132123655636315,-0.0204998624175596,0.465341460458571,0.670649143816544,0.544958058439605,0.732279124832722,0.465341460458571,0.670649143816544,0.544958058439605,0.732279124832722,-0.0643387483367632,"U31_i_1_z_1_t_0|U31_i_2_z_1_t_0|U31_i_3_z_1_t_0|U31_i_4_z_1_t_0|U31_i_1_z_2_t_0|U31_i_2_z_2_t_0|U31_i_3_z_2_t_0|U31_i_4_z_2_t_0|U31_i_1_z_1_t_1|U31_i_2_z_1_t_1|U31_i_3_z_1_t_1|U31_i_4_z_1_t_1|U31_i_1_z_2_t_1|U31_i_2_z_2_t_1|U31_i_3_z_2_t_1|U31_i_4_z_2_t_1","M31_i_1_z_1_t_0|M31_i_2_z_1_t_0|M31_i_3_z_1_t_0|M31_i_4_z_1_t_0|M31_i_1_z_2_t_0|M31_i_2_z_2_t_0|M31_i_3_z_2_t_0|M31_i_4_z_2_t_0|M31_i_1_z_1_t_1|M31_i_2_z_1_t_1|M31_i_3_z_1_t_1|M31_i_4_z_1_t_1|M31_i_1_z_2_t_1|M31_i_2_z_2_t_1|M31_i_3_z_2_t_1|M31_i_4_z_2_t_1"
32,3,"U32","M32",0.664377123350278,0.250459288608567,0.250459288608567,0.21619064506718,1,0,"U_only",0,0,0,0.478301528215321,0.38435046760562,0.423704173848376,0.452832450869423,0.478301528215321,0.38435046760562,0.0617033999646082,0.114711742247869,0.318961662907413,"U32_i_1_z_1_t_0|U32_i_2_z_1_t_0|U32_i_1_z_2_t_0|U32_i_2_z_2_t_0|U32_i_1_z_1_t_1|U32_i_2_z_1_t_1|U32_i_1_z_2_t_1|U32_i_2_z_2_t_1","M32_i_1_z_1_t_0|M32_i_2_z_1_t_0|M32_i_1_z_2_t_0|M32_i_2_z_2_t_0|M32_i_1_z_1_t_1|M32_i_2_z_1_t_1|M32_i_1_z_2_t_1|M32_i_2_z_2_t_1"
33,7,"U33","M33",0.249511589063331,0.0822683140777103,0.0684536182952848,0.0822683140777103,0,1,"M_only",0,0,0,0.635516144700654,0.781322141349052,0.462903704324215,0.776906956522128,0.119869193178602,0.509838662467579,0.462903704324215,0.776906956522128,-0.324080059604092,"U33_i_1_z_1_t_0|U33_i_2_z_1_t_0|U33_i_3_z_1_t_0|U33_i_4_z_1_t_0|U33_i_5_z_1_t_0|U33_i_6_z_1_t_0|U33_i_1_z_2_t_0|U33_i_2_z_2_t_0|U33_i_3_z_2_t_0|U33_i_4_z_2_t_0|U33_i_5_z_2_t_0|U33_i_6_z_2_t_0|U33_i_1_z_1_t_1|U33_i_2_z_1_t_1|U33_i_3_z_1_t_1|U33_i_4_z_1_t_1|U33_i_5_z_1_t_1|U33_i_6_z_1_t_1|U33_i_1_z_2_t_1|U33_i_2_z_2_t_1|U33_i_3_z_2_t_1|U33_i_4_z_2_t_1|U33_i_5_z_2_t_1|U33_i_6_z_2_t_1","M33_i_1_z_1_t_0|M33_i_2_z_1_t_0|M33_i_3_z_1_t_0|M33_i_4_z_1_t_0|M33_i_5_z_1_t_0|M33_i_6_z_1_t_0|M33_i_1_z_2_t_0|M33_i_2_z_2_t_0|M33_i_3_z_2_t_0|M33_i_4_z_2_t_0|M33_i_5_z_2_t_0|M33_i_6_z_2_t_0|M33_i_1_z_1_t_1|M33_i_2_z_1_t_1|M33_i_3_z_1_t_1|M33_i_4_z_1_t_1|M33_i_5_z_1_t_1|M33_i_6_z_1_t_1|M33_i_1_z_2_t_1|M33_i_2_z_2_t_1|M33_i_3_z_2_t_1|M33_i_4_z_2_t_1|M33_i_5_z_2_t_1|M33_i_6_z_2_t_1"
34,7,"U34","M34",0.201796915382147,0.166666666666667,0.106528071194969,0.0604363033074704,0,0,"neither",0,0,0,0.520094290951331,0.512057828272026,0.624818767843519,0.745959062862248,0.0958881658734754,0.190781282087074,0.0958881658734754,0.190781282087074,0,"U34_i_1_z_1_t_0|U34_i_2_z_1_t_0|U34_i_3_z_1_t_0|U34_i_4_z_1_t_0|U34_i_5_z_1_t_0|U34_i_6_z_1_t_0|U34_i_1_z_2_t_0|U34_i_2_z_2_t_0|U34_i_3_z_2_t_0|U34_i_4_z_2_t_0|U34_i_5_z_2_t_0|U34_i_6_z_2_t_0|U34_i_1_z_1_t_1|U34_i_2_z_1_t_1|U34_i_3_z_1_t_1|U34_i_4_z_1_t_1|U34_i_5_z_1_t_1|U34_i_6_z_1_t_1|U34_i_1_z_2_t_1|U34_i_2_z_2_t_1|U34_i_3_z_2_t_1|U34_i_4_z_2_t_1|U34_i_5_z_2_t_1|U34_i_6_z_2_t_1","M34_i_1_z_1_t_0|M34_i_2_z_1_t_0|M34_i_3_z_1_t_0|M34_i_4_z_1_t_0|M34_i_5_z_1_t_0|M34_i_6_z_1_t_0|M34_i_1_z_2_t_0|M34_i_2_z_2_t_0|M34_i_3_z_2_t_0|M34_i_4_z_2_t_0|M34_i_5_z_2_t_0|M34_i_6_z_2_t_0|M34_i_1_z_1_t_1|M34_i_2_z_1_t_1|M34_i_3_z_1_t_1|M34_i_4_z_1_t_1|M34_i_5_z_1_t_1|M34_i_6_z_1_t_1|M34_i_1_z_2_t_1|M34_i_2_z_2_t_1|M34_i_3_z_2_t_1|M34_i_4_z_2_t_1|M34_i_5_z_2_t_1|M34_i_6_z_2_t_1"
35,7,"U35","M35",0.541267327964306,0.0424551240090902,0.0800068967982357,0.0715744973604154,1,1,"both",0.0375517727891456,0.0291193733513253,0.0084323994378203,0.591014088256324,0.825220286640314,0.597722875879735,0.720115369299067,0.591014088256324,0.825220286640314,0.597722875879735,0.720115369299067,0.0538123176925989,"U35_i_1_z_1_t_0|U35_i_2_z_1_t_0|U35_i_3_z_1_t_0|U35_i_4_z_1_t_0|U35_i_5_z_1_t_0|U35_i_6_z_1_t_0|U35_i_1_z_2_t_0|U35_i_2_z_2_t_0|U35_i_3_z_2_t_0|U35_i_4_z_2_t_0|U35_i_5_z_2_t_0|U35_i_6_z_2_t_0|U35_i_1_z_1_t_1|U35_i_2_z_1_t_1|U35_i_3_z_1_t_1|U35_i_4_z_1_t_1|U35_i_5_z_1_t_1|U35_i_6_z_1_t_1|U35_i_1_z_2_t_1|U35_i_2_z_2_t_1|U35_i_3_z_2_t_1|U35_i_4_z_2_t_1|U35_i_5_z_2_t_1|U35_i_6_z_2_t_1","M35_i_1_z_1_t_0|M35_i_2_z_1_t_0|M35_i_3_z_1_t_0|M35_i_4_z_1_t_0|M35_i_5_z_1_t_0|M35_i_6_z_1_t_0|M35_i_1_z_2_t_0|M35_i_2_z_2_t_0|M35_i_3_z_2_t_0|M35_i_4_z_2_t_0|M35_i_5_z_2_t_0|M35_i_6_z_2_t_0|M35_i_1_z_1_t_1|M35_i_2_z_1_t_1|M35_i_3_z_1_t_1|M35_i_4_z_1_t_1|M35_i_5_z_1_t_1|M35_i_6_z_1_t_1|M35_i_1_z_2_t_1|M35_i_2_z_2_t_1|M35_i_3_z_2_t_1|M35_i_4_z_2_t_1|M35_i_5_z_2_t_1|M35_i_6_z_2_t_1"
36,4,"U36","M36",0.282339815748855,0.353333333333333,0.174746249302503,0.149570313341738,0,0,"neither",0,0,0,0.611094539241028,0.966651995543149,0.512402153888169,0.945760494759167,0.078077894076705,0.90625141414178,0.078077894076705,0.90625141414178,0,"U36_i_1_z_1_t_0|U36_i_2_z_1_t_0|U36_i_3_z_1_t_0|U36_i_1_z_2_t_0|U36_i_2_z_2_t_0|U36_i_3_z_2_t_0|U36_i_1_z_1_t_1|U36_i_2_z_1_t_1|U36_i_3_z_1_t_1|U36_i_1_z_2_t_1|U36_i_2_z_2_t_1|U36_i_3_z_2_t_1","M36_i_1_z_1_t_0|M36_i_2_z_1_t_0|M36_i_3_z_1_t_0|M36_i_1_z_2_t_0|M36_i_2_z_2_t_0|M36_i_3_z_2_t_0|M36_i_1_z_1_t_1|M36_i_2_z_1_t_1|M36_i_3_z_1_t_1|M36_i_1_z_2_t_1|M36_i_2_z_2_t_1|M36_i_3_z_2_t_1"
37,7,"U37","M37",0.7354871109128,0,0.0745904045291045,0.0694874489291031,1,1,"both",0.0745904045291045,0.0694874489291031,0.00510295560000135,0.759866814815841,0.857329054481064,0.76558660625172,0.868651854706802,0.759866814815841,0.857329054481064,0.76558660625172,0.868651854706802,-0.00984073218315118,"U37_i_1_z_1_t_0|U37_i_2_z_1_t_0|U37_i_3_z_1_t_0|U37_i_4_z_1_t_0|U37_i_5_z_1_t_0|U37_i_6_z_1_t_0|U37_i_1_z_2_t_0|U37_i_2_z_2_t_0|U37_i_3_z_2_t_0|U37_i_4_z_2_t_0|U37_i_5_z_2_t_0|U37_i_6_z_2_t_0|U37_i_1_z_1_t_1|U37_i_2_z_1_t_1|U37_i_3_z_1_t_1|U37_i_4_z_1_t_1|U37_i_5_z_1_t_1|U37_i_6_z_1_t_1|U37_i_1_z_2_t_1|U37_i_2_z_2_t_1|U37_i_3_z_2_t_1|U37_i_4_z_2_t_1|U37_i_5_z_2_t_1|U37_i_6_z_2_t_1","M37_i_1_z_1_t_0|M37_i_2_z_1_t_0|M37_i_3_z_1_t_0|M37_i_4_z_1_t_0|M37_i_5_z_1_t_0|M37_i_6_z_1_t_0|M37_i_1_z_2_t_0|M37_i_2_z_2_t_0|M37_i_3_z_2_t_0|M37_i_4_z_2_t_0|M37_i_5_z_2_t_0|M37_i_6_z_2_t_0|M37_i_1_z_1_t_1|M37_i_2_z_1_t_1|M37_i_3_z_1_t_1|M37_i_4_z_1_t_1|M37_i_5_z_1_t_1|M37_i_6_z_1_t_1|M37_i_1_z_2_t_1|M37_i_2_z_2_t_1|M37_i_3_z_2_t_1|M37_i_4_z_2_t_1|M37_i_5_z_2_t_1|M37_i_6_z_2_t_1"
38,6,"U38","M38",0.866943567758426,0.123245330073924,0.123245330073924,0.11604988828408,1,0,"U_only",0,0,0,0.543154696983263,0.809590670926098,0.551991969687048,0.852524738699558,0.543154696983263,0.809590670926098,0.00687643974088132,0.634108106284706,0.223488752267008,"U38_i_1_z_1_t_0|U38_i_2_z_1_t_0|U38_i_3_z_1_t_0|U38_i_4_z_1_t_0|U38_i_5_z_1_t_0|U38_i_1_z_2_t_0|U38_i_2_z_2_t_0|U38_i_3_z_2_t_0|U38_i_4_z_2_t_0|U38_i_5_z_2_t_0|U38_i_1_z_1_t_1|U38_i_2_z_1_t_1|U38_i_3_z_1_t_1|U38_i_4_z_1_t_1|U38_i_5_z_1_t_1|U38_i_1_z_2_t_1|U38_i_2_z_2_t_1|U38_i_3_z_2_t_1|U38_i_4_z_2_t_1|U38_i_5_z_2_t_1","M38_i_1_z_1_t_0|M38_i_2_z_1_t_0|M38_i_3_z_1_t_0|M38_i_4_z_1_t_0|M38_i_5_z_1_t_0|M38_i_1_z_2_t_0|M38_i_2_z_2_t_0|M38_i_3_z_2_t_0|M38_i_4_z_2_t_0|M38_i_5_z_2_t_0|M38_i_1_z_1_t_1|M38_i_2_z_1_t_1|M38_i_3_z_1_t_1|M38_i_4_z_1_t_1|M38_i_5_z_1_t_1|M38_i_1_z_2_t_1|M38_i_2_z_2_t_1|M38_i_3_z_2_t_1|M38_i_4_z_2_t_1|M38_i_5_z_2_t_1"
39,5,"U39","M39",0.950936280656606,0.124691432665699,0.10443314892265,0.124691432665699,0,1,"M_only",0,0,0,0.540130661560932,0.722496689659929,0.397991569335828,0.797559351110092,0.0564336257753894,0.393872540679834,0.397991569335828,0.797559351110092,-0.400638537143034,"U39_i_1_z_1_t_0|U39_i_2_z_1_t_0|U39_i_3_z_1_t_0|U39_i_4_z_1_t_0|U39_i_1_z_2_t_0|U39_i_2_z_2_t_0|U39_i_3_z_2_t_0|U39_i_4_z_2_t_0|U39_i_1_z_1_t_1|U39_i_2_z_1_t_1|U39_i_3_z_1_t_1|U39_i_4_z_1_t_1|U39_i_1_z_2_t_1|U39_i_2_z_2_t_1|U39_i_3_z_2_t_1|U39_i_4_z_2_t_1","M39_i_1_z_1_t_0|M39_i_2_z_1_t_0|M39_i_3_z_1_t_0|M39_i_4_z_1_t_0|M39_i_1_z_2_t_0|M39_i_2_z_2_t_0|M39_i_3_z_2_t_0|M39_i_4_z_2_t_0|M39_i_1_z_1_t_1|M39_i_2_z_1_t_1|M39_i_3_z_1_t_1|M39_i_4_z_1_t_1|M39_i_1_z_2_t_1|M39_i_2_z_2_t_1|M39_i_3_z_2_t_1|M39_i_4_z_2_t_1"
40,4,"U40","M40",0.999523911392316,0.333333333333333,0.191595031926881,0.192065197807212,0,0,"neither",0,0,0,0.537585316298948,0.720973985459899,0.384279885969333,0.771522149984,0.10239288804587,0.519357270750012,0.10239288804587,0.519357270750012,0,"U40_i_1_z_1_t_0|U40_i_2_z_1_t_0|U40_i_3_z_1_t_0|U40_i_1_z_2_t_0|U40_i_2_z_2_t_0|U40_i_3_z_2_t_0|U40_i_1_z_1_t_1|U40_i_2_z_1_t_1|U40_i_3_z_1_t_1|U40_i_1_z_2_t_1|U40_i_2_z_2_t_1|U40_i_3_z_2_t_1","M40_i_1_z_1_t_0|M40_i_2_z_1_t_0|M40_i_3_z_1_t_0|M40_i_1_z_2_t_0|M40_i_2_z_2_t_0|M40_i_3_z_2_t_0|M40_i_1_z_1_t_1|M40_i_2_z_1_t_1|M40_i_3_z_1_t_1|M40_i_1_z_2_t_1|M40_i_2_z_2_t_1|M40_i_3_z_2_t_1"
41,4,"U41","M41",0.0157892007846385,0.311934797791764,0.204775302979472,0.0901883931874083,0,0,"neither",0,0,0,0.545456720341693,0.960406488931439,0.53874281991363,0.959352559677076,0.157107552769594,0.925921357546309,0.157107552769594,0.925921357546309,0,"U41_i_1_z_1_t_0|U41_i_2_z_1_t_0|U41_i_3_z_1_t_0|U41_i_1_z_2_t_0|U41_i_2_z_2_t_0|U41_i_3_z_2_t_0|U41_i_1_z_1_t_1|U41_i_2_z_1_t_1|U41_i_3_z_1_t_1|U41_i_1_z_2_t_1|U41_i_2_z_2_t_1|U41_i_3_z_2_t_1","M41_i_1_z_1_t_0|M41_i_2_z_1_t_0|M41_i_3_z_1_t_0|M41_i_1_z_2_t_0|M41_i_2_z_2_t_0|M41_i_3_z_2_t_0|M41_i_1_z_1_t_1|M41_i_2_z_1_t_1|M41_i_3_z_1_t_1|M41_i_1_z_2_t_1|M41_i_2_z_2_t_1|M41_i_3_z_2_t_1"
42,7,"U42","M42",0.900958579033613,0.186666666666667,0.0715533358311246,0.0767039595504518,0,0,"neither",0,0,0,0.548998288077816,0.966193514873046,0.52337256739987,0.97760204692668,0.164886201010086,0.938421611571355,0.164886201010086,0.938421611571355,0,"U42_i_1_z_1_t_0|U42_i_2_z_1_t_0|U42_i_3_z_1_t_0|U42_i_4_z_1_t_0|U42_i_5_z_1_t_0|U42_i_6_z_1_t_0|U42_i_1_z_2_t_0|U42_i_2_z_2_t_0|U42_i_3_z_2_t_0|U42_i_4_z_2_t_0|U42_i_5_z_2_t_0|U42_i_6_z_2_t_0|U42_i_1_z_1_t_1|U42_i_2_z_1_t_1|U42_i_3_z_1_t_1|U42_i_4_z_1_t_1|U42_i_5_z_1_t_1|U42_i_6_z_1_t_1|U42_i_1_z_2_t_1|U42_i_2_z_2_t_1|U42_i_3_z_2_t_1|U42_i_4_z_2_t_1|U42_i_5_z_2_t_1|U42_i_6_z_2_t_1","M42_i_1_z_1_t_0|M42_i_2_z_1_t_0|M42_i_3_z_1_t_0|M42_i_4_z_1_t_0|M42_i_5_z_1_t_0|M42_i_6_z_1_t_0|M42_i_1_z_2_t_0|M42_i_2_z_2_t_0|M42_i_3_z_2_t_0|M42_i_4_z_2_t_0|M42_i_5_z_2_t_0|M42_i_6_z_2_t_0|M42_i_1_z_1_t_1|M42_i_2_z_1_t_1|M42_i_3_z_1_t_1|M42_i_4_z_1_t_1|M42_i_5_z_1_t_1|M42_i_6_z_1_t_1|M42_i_1_z_2_t_1|M42_i_2_z_2_t_1|M42_i_3_z_2_t_1|M42_i_4_z_2_t_1|M42_i_5_z_2_t_1|M42_i_6_z_2_t_1"
43,7,"U43","M43",0.144832055782899,0,0.0649331557108056,0.0912175919786841,1,1,"both",0.0649331557108056,0.0912175919786841,-0.0262844362678785,0.556697125694156,0.69352590850661,0.51076556747525,0.712253344527448,0.556697125694156,0.69352590850661,0.51076556747525,0.712253344527448,0.0365668631583094,"U43_i_1_z_1_t_0|U43_i_2_z_1_t_0|U43_i_3_z_1_t_0|U43_i_4_z_1_t_0|U43_i_5_z_1_t_0|U43_i_6_z_1_t_0|U43_i_1_z_2_t_0|U43_i_2_z_2_t_0|U43_i_3_z_2_t_0|U43_i_4_z_2_t_0|U43_i_5_z_2_t_0|U43_i_6_z_2_t_0|U43_i_1_z_1_t_1|U43_i_2_z_1_t_1|U43_i_3_z_1_t_1|U43_i_4_z_1_t_1|U43_i_5_z_1_t_1|U43_i_6_z_1_t_1|U43_i_1_z_2_t_1|U43_i_2_z_2_t_1|U43_i_3_z_2_t_1|U43_i_4_z_2_t_1|U43_i_5_z_2_t_1|U43_i_6_z_2_t_1","M43_i_1_z_1_t_0|M43_i_2_z_1_t_0|M43_i_3_z_1_t_0|M43_i_4_z_1_t_0|M43_i_5_z_1_t_0|M43_i_6_z_1_t_0|M43_i_1_z_2_t_0|M43_i_2_z_2_t_0|M43_i_3_z_2_t_0|M43_i_4_z_2_t_0|M43_i_5_z_2_t_0|M43_i_6_z_2_t_0|M43_i_1_z_1_t_1|M43_i_2_z_1_t_1|M43_i_3_z_1_t_1|M43_i_4_z_1_t_1|M43_i_5_z_1_t_1|M43_i_6_z_1_t_1|M43_i_1_z_2_t_1|M43_i_2_z_2_t_1|M43_i_3_z_2_t_1|M43_i_4_z_2_t_1|M43_i_5_z_2_t_1|M43_i_6_z_2_t_1"
44,6,"U44","M44",0.829182115849108,0.122404238103319,0.122404238103319,0.0922580650384911,1,0,"U_only",0,0,0,0.606857885315629,0.859348436017858,0.439171356441956,0.88565965260093,0.606857885315629,0.859348436017858,0.00280680747237056,0.672507623002564,0.25810778769924,"U44_i_1_z_1_t_0|U44_i_2_z_1_t_0|U44_i_3_z_1_t_0|U44_i_4_z_1_t_0|U44_i_5_z_1_t_0|U44_i_1_z_2_t_0|U44_i_2_z_2_t_0|U44_i_3_z_2_t_0|U44_i_4_z_2_t_0|U44_i_5_z_2_t_0|U44_i_1_z_1_t_1|U44_i_2_z_1_t_1|U44_i_3_z_1_t_1|U44_i_4_z_1_t_1|U44_i_5_z_1_t_1|U44_i_1_z_2_t_1|U44_i_2_z_2_t_1|U44_i_3_z_2_t_1|U44_i_4_z_2_t_1|U44_i_5_z_2_t_1","M44_i_1_z_1_t_0|M44_i_2_z_1_t_0|M44_i_3_z_1_t_0|M44_i_4_z_1_t_0|M44_i_5_z_1_t_0|M44_i_1_z_2_t_0|M44_i_2_z_2_t_0|M44_i_3_z_2_t_0|M44_i_4_z_2_t_0|M44_i_5_z_2_t_0|M44_i_1_z_1_t_1|M44_i_2_z_1_t_1|M44_i_3_z_1_t_1|M44_i_4_z_1_t_1|M44_i_5_z_1_t_1|M44_i_1_z_2_t_1|M44_i_2_z_2_t_1|M44_i_3_z_2_t_1|M44_i_4_z_2_t_1|M44_i_5_z_2_t_1"
45,4,"U45","M45",0.361521781655028,0.131014634849019,0.142709877381995,0.131014634849019,1,1,"both",0.0116952425329764,0,0.0116952425329764,0.689006383766952,0.775451429782893,0.545080388911678,0.782634008361273,0.689006383766952,0.775451429782893,0.545080388911678,0.782634008361273,0.08929695416419,"U45_i_1_z_1_t_0|U45_i_2_z_1_t_0|U45_i_3_z_1_t_0|U45_i_1_z_2_t_0|U45_i_2_z_2_t_0|U45_i_3_z_2_t_0|U45_i_1_z_1_t_1|U45_i_2_z_1_t_1|U45_i_3_z_1_t_1|U45_i_1_z_2_t_1|U45_i_2_z_2_t_1|U45_i_3_z_2_t_1","M45_i_1_z_1_t_0|M45_i_2_z_1_t_0|M45_i_3_z_1_t_0|M45_i_1_z_2_t_0|M45_i_2_z_2_t_0|M45_i_3_z_2_t_0|M45_i_1_z_1_t_1|M45_i_2_z_1_t_1|M45_i_3_z_1_t_1|M45_i_1_z_2_t_1|M45_i_2_z_2_t_1|M45_i_3_z_2_t_1"
46,3,"U46","M46",0.856838495470583,0.5,0.319822917967658,0.217514093610916,0,0,"neither",0,0,0,0.836749012228213,0.920183577071045,0.564892281826579,0.964827231220792,0.23837971680332,0.901255957409087,0.23837971680332,0.901255957409087,0,"U46_i_1_z_1_t_0|U46_i_2_z_1_t_0|U46_i_1_z_2_t_0|U46_i_2_z_2_t_0|U46_i_1_z_1_t_1|U46_i_2_z_1_t_1|U46_i_1_z_2_t_1|U46_i_2_z_2_t_1","M46_i_1_z_1_t_0|M46_i_2_z_1_t_0|M46_i_1_z_2_t_0|M46_i_2_z_2_t_0|M46_i_1_z_1_t_1|M46_i_2_z_1_t_1|M46_i_1_z_2_t_1|M46_i_2_z_2_t_1"
47,7,"U47","M47",0.344308913685381,0.0603177006511639,0.074104582006154,0.0983221015022165,1,1,"both",0.0137868813549901,0.0380044008510526,-0.0242175194960625,0.575759915667143,0.968059289485595,0.53818027609715,0.968468844618112,0.575759915667143,0.968059289485595,0.53818027609715,0.968468844618112,0.0244996212101893,"U47_i_1_z_1_t_0|U47_i_2_z_1_t_0|U47_i_3_z_1_t_0|U47_i_4_z_1_t_0|U47_i_5_z_1_t_0|U47_i_6_z_1_t_0|U47_i_1_z_2_t_0|U47_i_2_z_2_t_0|U47_i_3_z_2_t_0|U47_i_4_z_2_t_0|U47_i_5_z_2_t_0|U47_i_6_z_2_t_0|U47_i_1_z_1_t_1|U47_i_2_z_1_t_1|U47_i_3_z_1_t_1|U47_i_4_z_1_t_1|U47_i_5_z_1_t_1|U47_i_6_z_1_t_1|U47_i_1_z_2_t_1|U47_i_2_z_2_t_1|U47_i_3_z_2_t_1|U47_i_4_z_2_t_1|U47_i_5_z_2_t_1|U47_i_6_z_2_t_1","M47_i_1_z_1_t_0|M47_i_2_z_1_t_0|M47_i_3_z_1_t_0|M47_i_4_z_1_t_0|M47_i_5_z_1_t_0|M47_i_6_z_1_t_0|M47_i_1_z_2_t_0|M47_i_2_z_2_t_0|M47_i_3_z_2_t_0|M47_i_4_z_2_t_0|M47_i_5_z_2_t_0|M47_i_6_z_2_t_0|M47_i_1_z_1_t_1|M47_i_2_z_1_t_1|M47_i_3_z_1_t_1|M47_i_4_z_1_t_1|M47_i_5_z_1_t_1|M47_i_6_z_1_t_1|M47_i_1_z_2_t_1|M47_i_2_z_2_t_1|M47_i_3_z_2_t_1|M47_i_4_z_2_t_1|M47_i_5_z_2_t_1|M47_i_6_z_2_t_1"
48,5,"U48","M48",0.813509042840451,0.27,0.145217848781852,0.0976860420076992,0,0,"neither",0,0,0,0.393794176474424,0.962006981493202,0.453409701424752,0.944168924321331,0.0833265064051375,0.891700949293316,0.0833265064051375,0.891700949293316,0,"U48_i_1_z_1_t_0|U48_i_2_z_1_t_0|U48_i_3_z_1_t_0|U48_i_4_z_1_t_0|U48_i_1_z_2_t_0|U48_i_2_z_2_t_0|U48_i_3_z_2_t_0|U48_i_4_z_2_t_0|U48_i_1_z_1_t_1|U48_i_2_z_1_t_1|U48_i_3_z_1_t_1|U48_i_4_z_1_t_1|U48_i_1_z_2_t_1|U48_i_2_z_2_t_1|U48_i_3_z_2_t_1|U48_i_4_z_2_t_1","M48_i_1_z_1_t_0|M48_i_2_z_1_t_0|M48_i_3_z_1_t_0|M48_i_4_z_1_t_0|M48_i_1_z_2_t_0|M48_i_2_z_2_t_0|M48_i_3_z_2_t_0|M48_i_4_z_2_t_0|M48_i_1_z_1_t_1|M48_i_2_z_1_t_1|M48_i_3_z_1_t_1|M48_i_4_z_1_t_1|M48_i_1_z_2_t_1|M48_i_2_z_2_t_1|M48_i_3_z_2_t_1|M48_i_4_z_2_t_1"
49,7,"U49","M49",0.451998838689178,0,0.0846623007213891,0.0864636492013509,1,1,"both",0.0846623007213891,0.0864636492013509,-0.00180134847996177,0.695167219361811,0.900035539254684,0.56313535420292,0.907027129889009,0.695167219361811,0.900035539254684,0.56313535420292,0.907027129889009,0.0691934245898012,"U49_i_1_z_1_t_0|U49_i_2_z_1_t_0|U49_i_3_z_1_t_0|U49_i_4_z_1_t_0|U49_i_5_z_1_t_0|U49_i_6_z_1_t_0|U49_i_1_z_2_t_0|U49_i_2_z_2_t_0|U49_i_3_z_2_t_0|U49_i_4_z_2_t_0|U49_i_5_z_2_t_0|U49_i_6_z_2_t_0|U49_i_1_z_1_t_1|U49_i_2_z_1_t_1|U49_i_3_z_1_t_1|U49_i_4_z_1_t_1|U49_i_5_z_1_t_1|U49_i_6_z_1_t_1|U49_i_1_z_2_t_1|U49_i_2_z_2_t_1|U49_i_3_z_2_t_1|U49_i_4_z_2_t_1|U49_i_5_z_2_t_1|U49_i_6_z_2_t_1","M49_i_1_z_1_t_0|M49_i_2_z_1_t_0|M49_i_3_z_1_t_0|M49_i_4_z_1_t_0|M49_i_5_z_1_t_0|M49_i_6_z_1_t_0|M49_i_1_z_2_t_0|M49_i_2_z_2_t_0|M49_i_3_z_2_t_0|M49_i_4_z_2_t_0|M49_i_5_z_2_t_0|M49_i_6_z_2_t_0|M49_i_1_z_1_t_1|M49_i_2_z_1_t_1|M49_i_3_z_1_t_1|M49_i_4_z_1_t_1|M49_i_5_z_1_t_1|M49_i_6_z_1_t_1|M49_i_1_z_2_t_1|M49_i_2_z_2_t_1|M49_i_3_z_2_t_1|M49_i_4_z_2_t_1|M49_i_5_z_2_t_1|M49_i_6_z_2_t_1"
50,7,"U50","M50",0.0954134613275528,0.0823913021240861,0.0823913021240861,0.0710377948288319,1,0,"U_only",0,0,0,0.471420559448792,0.823668754771156,0.618324222753533,0.764892991729838,0.471420559448792,0.823668754771156,0.0733859652187675,0.598055971224221,0.381583232464387,"U50_i_1_z_1_t_0|U50_i_2_z_1_t_0|U50_i_3_z_1_t_0|U50_i_4_z_1_t_0|U50_i_5_z_1_t_0|U50_i_6_z_1_t_0|U50_i_1_z_2_t_0|U50_i_2_z_2_t_0|U50_i_3_z_2_t_0|U50_i_4_z_2_t_0|U50_i_5_z_2_t_0|U50_i_6_z_2_t_0|U50_i_1_z_1_t_1|U50_i_2_z_1_t_1|U50_i_3_z_1_t_1|U50_i_4_z_1_t_1|U50_i_5_z_1_t_1|U50_i_6_z_1_t_1|U50_i_1_z_2_t_1|U50_i_2_z_2_t_1|U50_i_3_z_2_t_1|U50_i_4_z_2_t_1|U50_i_5_z_2_t_1|U50_i_6_z_2_t_1","M50_i_1_z_1_t_0|M50_i_2_z_1_t_0|M50_i_3_z_1_t_0|M50_i_4_z_1_t_0|M50_i_5_z_1_t_0|M50_i_6_z_1_t_0|M50_i_1_z_2_t_0|M50_i_2_z_2_t_0|M50_i_3_z_2_t_0|M50_i_4_z_2_t_0|M50_i_5_z_2_t_0|M50_i_6_z_2_t_0|M50_i_1_z_1_t_1|M50_i_2_z_1_t_1|M50_i_3_z_1_t_1|M50_i_4_z_1_t_1|M50_i_5_z_1_t_1|M50_i_6_z_1_t_1|M50_i_1_z_2_t_1|M50_i_2_z_2_t_1|M50_i_3_z_2_t_1|M50_i_4_z_2_t_1|M50_i_5_z_2_t_1|M50_i_6_z_2_t_1"
51,4,"U51","M51",0.913472633808851,0.130211985186995,0.224837415637205,0.130211985186995,1,1,"both",0.0946254304502107,0,0.0946254304502107,0.527232425310432,0.628987424702651,0.605421464156067,0.659844006773379,0.527232425310432,0.628987424702651,0.605421464156067,0.659844006773379,-0.0349521348908173,"U51_i_1_z_1_t_0|U51_i_2_z_1_t_0|U51_i_3_z_1_t_0|U51_i_1_z_2_t_0|U51_i_2_z_2_t_0|U51_i_3_z_2_t_0|U51_i_1_z_1_t_1|U51_i_2_z_1_t_1|U51_i_3_z_1_t_1|U51_i_1_z_2_t_1|U51_i_2_z_2_t_1|U51_i_3_z_2_t_1","M51_i_1_z_1_t_0|M51_i_2_z_1_t_0|M51_i_3_z_1_t_0|M51_i_1_z_2_t_0|M51_i_2_z_2_t_0|M51_i_3_z_2_t_0|M51_i_1_z_1_t_1|M51_i_2_z_1_t_1|M51_i_3_z_1_t_1|M51_i_1_z_2_t_1|M51_i_2_z_2_t_1|M51_i_3_z_2_t_1"
52,5,"U52","M52",0.577934411587194,0.25,0.0728975161889528,0.11982565962983,0,0,"neither",0,0,0,0.416410578992436,0.935501593501269,0.61818673210666,0.941539827922345,0.175892898067832,0.871990755139368,0.175892898067832,0.871990755139368,0,"U52_i_1_z_1_t_0|U52_i_2_z_1_t_0|U52_i_3_z_1_t_0|U52_i_4_z_1_t_0|U52_i_1_z_2_t_0|U52_i_2_z_2_t_0|U52_i_3_z_2_t_0|U52_i_4_z_2_t_0|U52_i_1_z_1_t_1|U52_i_2_z_1_t_1|U52_i_3_z_1_t_1|U52_i_4_z_1_t_1|U52_i_1_z_2_t_1|U52_i_2_z_2_t_1|U52_i_3_z_2_t_1|U52_i_4_z_2_t_1","M52_i_1_z_1_t_0|M52_i_2_z_1_t_0|M52_i_3_z_1_t_0|M52_i_4_z_1_t_0|M52_i_1_z_2_t_0|M52_i_2_z_2_t_0|M52_i_3_z_2_t_0|M52_i_4_z_2_t_0|M52_i_1_z_1_t_1|M52_i_2_z_1_t_1|M52_i_3_z_1_t_1|M52_i_4_z_1_t_1|M52_i_1_z_2_t_1|M52_i_2_z_2_t_1|M52_i_3_z_2_t_1|M52_i_4_z_2_t_1"
53,3,"U53","M53",0.720094323856756,0.127095368341543,0.244798611076018,0.164929696257387,1,1,"both",0.117703242734475,0.0378343279158441,0.079868914818631,0.614176751830435,0.884476848340668,0.511686834374921,0.840649270179956,0.614176751830435,0.884476848340668,0.511686834374921,0.840649270179956,0.0602474999051679,"U53_i_1_z_1_t_0|U53_i_2_z_1_t_0|U53_i_1_z_2_t_0|U53_i_2_z_2_t_0|U53_i_1_z_1_t_1|U53_i_2_z_1_t_1|U53_i_1_z_2_t_1|U53_i_2_z_2_t_1","M53_i_1_z_1_t_0|M53_i_2_z_1_t_0|M53_i_1_z_2_t_0|M53_i_2_z_2_t_0|M53_i_1_z_1_t_1|M53_i_2_z_1_t_1|M53_i_1_z_2_t_1|M53_i_2_z_2_t_1"
54,3,"U54","M54",0.861102489987388,0.52,0.272465373078094,0.142169761426378,0,0,"neither",0,0,0,0.583673650270881,0.974810785451332,0.336641742753514,0.966056903315481,0.153694128454663,0.927691900895881,0.153694128454663,0.927691900895881,0,"U54_i_1_z_1_t_0|U54_i_2_z_1_t_0|U54_i_1_z_2_t_0|U54_i_2_z_2_t_0|U54_i_1_z_1_t_1|U54_i_2_z_1_t_1|U54_i_1_z_2_t_1|U54_i_2_z_2_t_1","M54_i_1_z_1_t_0|M54_i_2_z_1_t_0|M54_i_1_z_2_t_0|M54_i_2_z_2_t_0|M54_i_1_z_1_t_1|M54_i_2_z_1_t_1|M54_i_1_z_2_t_1|M54_i_2_z_2_t_1"
55,6,"U55","M55",0.312850976595655,0,0.102536353300055,0.11553150562007,1,1,"both",0.102536353300055,0.11553150562007,-0.0129951523200154,0.773948844994477,0.91336892804052,0.625092374149304,0.897188098315876,0.773948844994477,0.91336892804052,0.625092374149304,0.897188098315876,0.107348766950161,"U55_i_1_z_1_t_0|U55_i_2_z_1_t_0|U55_i_3_z_1_t_0|U55_i_4_z_1_t_0|U55_i_5_z_1_t_0|U55_i_1_z_2_t_0|U55_i_2_z_2_t_0|U55_i_3_z_2_t_0|U55_i_4_z_2_t_0|U55_i_5_z_2_t_0|U55_i_1_z_1_t_1|U55_i_2_z_1_t_1|U55_i_3_z_1_t_1|U55_i_4_z_1_t_1|U55_i_5_z_1_t_1|U55_i_1_z_2_t_1|U55_i_2_z_2_t_1|U55_i_3_z_2_t_1|U55_i_4_z_2_t_1|U55_i_5_z_2_t_1","M55_i_1_z_1_t_0|M55_i_2_z_1_t_0|M55_i_3_z_1_t_0|M55_i_4_z_1_t_0|M55_i_5_z_1_t_0|M55_i_1_z_2_t_0|M55_i_2_z_2_t_0|M55_i_3_z_2_t_0|M55_i_4_z_2_t_0|M55_i_5_z_2_t_0|M55_i_1_z_1_t_1|M55_i_2_z_1_t_1|M55_i_3_z_1_t_1|M55_i_4_z_1_t_1|M55_i_5_z_1_t_1|M55_i_1_z_2_t_1|M55_i_2_z_2_t_1|M55_i_3_z_2_t_1|M55_i_4_z_2_t_1|M55_i_5_z_2_t_1"
56,6,"U56","M56",0.360865761293098,0.108289985978012,0.108289985978012,0.0917853369715022,1,0,"U_only",0,0,0,0.619035115351953,0.697792870072941,0.49085601393791,0.69180579702561,0.619035115351953,0.697792870072941,0.0915493370499462,0.425371136888329,0.435441897482221,"U56_i_1_z_1_t_0|U56_i_2_z_1_t_0|U56_i_3_z_1_t_0|U56_i_4_z_1_t_0|U56_i_5_z_1_t_0|U56_i_1_z_2_t_0|U56_i_2_z_2_t_0|U56_i_3_z_2_t_0|U56_i_4_z_2_t_0|U56_i_5_z_2_t_0|U56_i_1_z_1_t_1|U56_i_2_z_1_t_1|U56_i_3_z_1_t_1|U56_i_4_z_1_t_1|U56_i_5_z_1_t_1|U56_i_1_z_2_t_1|U56_i_2_z_2_t_1|U56_i_3_z_2_t_1|U56_i_4_z_2_t_1|U56_i_5_z_2_t_1","M56_i_1_z_1_t_0|M56_i_2_z_1_t_0|M56_i_3_z_1_t_0|M56_i_4_z_1_t_0|M56_i_5_z_1_t_0|M56_i_1_z_2_t_0|M56_i_2_z_2_t_0|M56_i_3_z_2_t_0|M56_i_4_z_2_t_0|M56_i_5_z_2_t_0|M56_i_1_z_1_t_1|M56_i_2_z_1_t_1|M56_i_3_z_1_t_1|M56_i_4_z_1_t_1|M56_i_5_z_1_t_1|M56_i_1_z_2_t_1|M56_i_2_z_2_t_1|M56_i_3_z_2_t_1|M56_i_4_z_2_t_1|M56_i_5_z_2_t_1"
57,5,"U57","M57",0.825227424735203,0.133619160738068,0.135861263353233,0.133619160738068,1,1,"both",0.00224210261516508,0,0.00224210261516508,0.44909062105098,0.900043437854753,0.556301409428433,0.843967107342246,0.44909062105098,0.900043437854753,0.556301409428433,0.843967107342246,0.0275382202365395,"U57_i_1_z_1_t_0|U57_i_2_z_1_t_0|U57_i_3_z_1_t_0|U57_i_4_z_1_t_0|U57_i_1_z_2_t_0|U57_i_2_z_2_t_0|U57_i_3_z_2_t_0|U57_i_4_z_2_t_0|U57_i_1_z_1_t_1|U57_i_2_z_1_t_1|U57_i_3_z_1_t_1|U57_i_4_z_1_t_1|U57_i_1_z_2_t_1|U57_i_2_z_2_t_1|U57_i_3_z_2_t_1|U57_i_4_z_2_t_1","M57_i_1_z_1_t_0|M57_i_2_z_1_t_0|M57_i_3_z_1_t_0|M57_i_4_z_1_t_0|M57_i_1_z_2_t_0|M57_i_2_z_2_t_0|M57_i_3_z_2_t_0|M57_i_4_z_2_t_0|M57_i_1_z_1_t_1|M57_i_2_z_1_t_1|M57_i_3_z_1_t_1|M57_i_4_z_1_t_1|M57_i_1_z_2_t_1|M57_i_2_z_2_t_1|M57_i_3_z_2_t_1|M57_i_4_z_2_t_1"
58,3,"U58","M58",0.397415386280045,0.5,0.217699772319345,0.160188519079821,0,0,"neither",0,0,0,0.703985610628437,0.918889659621737,0.48453431711724,0.872840748852302,0.160674764192663,0.656285756676626,0.160674764192663,0.656285756676626,0,"U58_i_1_z_1_t_0|U58_i_2_z_1_t_0|U58_i_1_z_2_t_0|U58_i_2_z_2_t_0|U58_i_1_z_1_t_1|U58_i_2_z_1_t_1|U58_i_1_z_2_t_1|U58_i_2_z_2_t_1","M58_i_1_z_1_t_0|M58_i_2_z_1_t_0|M58_i_1_z_2_t_0|M58_i_2_z_2_t_0|M58_i_1_z_1_t_1|M58_i_2_z_1_t_1|M58_i_1_z_2_t_1|M58_i_2_z_2_t_1"
59,5,"U59","M59",0.925420271698385,0.104642962280195,0.142258519635481,0.148864197437928,1,1,"both",0.0376155573552855,0.0442212351577331,-0.00660567780244758,0.581249451140917,0.847599208956585,0.609372398978059,0.878821637262472,0.581249451140917,0.847599208956585,0.609372398978059,0.878821637262472,-0.0309912698946513,"U59_i_1_z_1_t_0|U59_i_2_z_1_t_0|U59_i_3_z_1_t_0|U59_i_4_z_1_t_0|U59_i_1_z_2_t_0|U59_i_2_z_2_t_0|U59_i_3_z_2_t_0|U59_i_4_z_2_t_0|U59_i_1_z_1_t_1|U59_i_2_z_1_t_1|U59_i_3_z_1_t_1|U59_i_4_z_1_t_1|U59_i_1_z_2_t_1|U59_i_2_z_2_t_1|U59_i_3_z_2_t_1|U59_i_4_z_2_t_1","M59_i_1_z_1_t_0|M59_i_2_z_1_t_0|M59_i_3_z_1_t_0|M59_i_4_z_1_t_0|M59_i_1_z_2_t_0|M59_i_2_z_2_t_0|M59_i_3_z_2_t_0|M59_i_4_z_2_t_0|M59_i_1_z_1_t_1|M59_i_2_z_1_t_1|M59_i_3_z_1_t_1|M59_i_4_z_1_t_1|M59_i_1_z_2_t_1|M59_i_2_z_2_t_1|M59_i_3_z_2_t_1|M59_i_4_z_2_t_1"
60,7,"U60","M60",0.585457645356655,0.186666666666667,0.0873769525295595,0.0766449379513786,0,0,"neither",0,0,0,0.664965388597758,0.960569691224653,0.576651290430982,0.969240575521493,0.228869086015038,0.918786161522205,0.228869086015038,0.918786161522205,0,"U60_i_1_z_1_t_0|U60_i_2_z_1_t_0|U60_i_3_z_1_t_0|U60_i_4_z_1_t_0|U60_i_5_z_1_t_0|U60_i_6_z_1_t_0|U60_i_1_z_2_t_0|U60_i_2_z_2_t_0|U60_i_3_z_2_t_0|U60_i_4_z_2_t_0|U60_i_5_z_2_t_0|U60_i_6_z_2_t_0|U60_i_1_z_1_t_1|U60_i_2_z_1_t_1|U60_i_3_z_1_t_1|U60_i_4_z_1_t_1|U60_i_5_z_1_t_1|U60_i_6_z_1_t_1|U60_i_1_z_2_t_1|U60_i_2_z_2_t_1|U60_i_3_z_2_t_1|U60_i_4_z_2_t_1|U60_i_5_z_2_t_1|U60_i_6_z_2_t_1","M60_i_1_z_1_t_0|M60_i_2_z_1_t_0|M60_i_3_z_1_t_0|M60_i_4_z_1_t_0|M60_i_5_z_1_t_0|M60_i_6_z_1_t_0|M60_i_1_z_2_t_0|M60_i_2_z_2_t_0|M60_i_3_z_2_t_0|M60_i_4_z_2_t_0|M60_i_5_z_2_t_0|M60_i_6_z_2_t_0|M60_i_1_z_1_t_1|M60_i_2_z_1_t_1|M60_i_3_z_1_t_1|M60_i_4_z_1_t_1|M60_i_5_z_1_t_1|M60_i_6_z_1_t_1|M60_i_1_z_2_t_1|M60_i_2_z_2_t_1|M60_i_3_z_2_t_1|M60_i_4_z_2_t_1|M60_i_5_z_2_t_1|M60_i_6_z_2_t_1"
61,3,"U61","M61",0.671885675285012,0,0.186034778573509,0.232366779319894,1,1,"both",0.186034778573509,0.232366779319894,-0.0463320007463851,0.611326807580585,0.761656705459398,0.699292240200242,0.801466486586376,0.611326807580585,0.761656705459398,0.699292240200242,0.801466486586376,-0.0556103401977086,"U61_i_1_z_1_t_0|U61_i_2_z_1_t_0|U61_i_1_z_2_t_0|U61_i_2_z_2_t_0|U61_i_1_z_1_t_1|U61_i_2_z_1_t_1|U61_i_1_z_2_t_1|U61_i_2_z_2_t_1","M61_i_1_z_1_t_0|M61_i_2_z_1_t_0|M61_i_1_z_2_t_0|M61_i_2_z_2_t_0|M61_i_1_z_1_t_1|M61_i_2_z_1_t_1|M61_i_1_z_2_t_1|M61_i_2_z_2_t_1"
62,6,"U62","M62",0.575755331432447,0.0900871044152587,0.0900871044152587,0.107430021069058,1,1,"both",0,0.0173429166537991,-0.0173429166537991,0.560097832215507,0.766973555716222,0.598773452073991,0.709169831587514,0.560097832215507,0.766973555716222,0.598773452073991,0.709169831587514,0.0168728768152471,"U62_i_1_z_1_t_0|U62_i_2_z_1_t_0|U62_i_3_z_1_t_0|U62_i_4_z_1_t_0|U62_i_5_z_1_t_0|U62_i_1_z_2_t_0|U62_i_2_z_2_t_0|U62_i_3_z_2_t_0|U62_i_4_z_2_t_0|U62_i_5_z_2_t_0|U62_i_1_z_1_t_1|U62_i_2_z_1_t_1|U62_i_3_z_1_t_1|U62_i_4_z_1_t_1|U62_i_5_z_1_t_1|U62_i_1_z_2_t_1|U62_i_2_z_2_t_1|U62_i_3_z_2_t_1|U62_i_4_z_2_t_1|U62_i_5_z_2_t_1","M62_i_1_z_1_t_0|M62_i_2_z_1_t_0|M62_i_3_z_1_t_0|M62_i_4_z_1_t_0|M62_i_5_z_1_t_0|M62_i_1_z_2_t_0|M62_i_2_z_2_t_0|M62_i_3_z_2_t_0|M62_i_4_z_2_t_0|M62_i_5_z_2_t_0|M62_i_1_z_1_t_1|M62_i_2_z_1_t_1|M62_i_3_z_1_t_1|M62_i_4_z_1_t_1|M62_i_5_z_1_t_1|M62_i_1_z_2_t_1|M62_i_2_z_2_t_1|M62_i_3_z_2_t_1|M62_i_4_z_2_t_1|M62_i_5_z_2_t_1"
63,6,"U63","M63",0.433562863618135,0.0942484919065414,0.116745220145778,0.0942484919065414,1,1,"both",0.0224967282392361,0,0.0224967282392361,0.555017104548993,0.632474778342334,0.43002748250635,0.65596748862122,0.555017104548993,0.632474778342334,0.43002748250635,0.65596748862122,0.0606131968446211,"U63_i_1_z_1_t_0|U63_i_2_z_1_t_0|U63_i_3_z_1_t_0|U63_i_4_z_1_t_0|U63_i_5_z_1_t_0|U63_i_1_z_2_t_0|U63_i_2_z_2_t_0|U63_i_3_z_2_t_0|U63_i_4_z_2_t_0|U63_i_5_z_2_t_0|U63_i_1_z_1_t_1|U63_i_2_z_1_t_1|U63_i_3_z_1_t_1|U63_i_4_z_1_t_1|U63_i_5_z_1_t_1|U63_i_1_z_2_t_1|U63_i_2_z_2_t_1|U63_i_3_z_2_t_1|U63_i_4_z_2_t_1|U63_i_5_z_2_t_1","M63_i_1_z_1_t_0|M63_i_2_z_1_t_0|M63_i_3_z_1_t_0|M63_i_4_z_1_t_0|M63_i_5_z_1_t_0|M63_i_1_z_2_t_0|M63_i_2_z_2_t_0|M63_i_3_z_2_t_0|M63_i_4_z_2_t_0|M63_i_5_z_2_t_0|M63_i_1_z_1_t_1|M63_i_2_z_1_t_1|M63_i_3_z_1_t_1|M63_i_4_z_1_t_1|M63_i_5_z_1_t_1|M63_i_1_z_2_t_1|M63_i_2_z_2_t_1|M63_i_3_z_2_t_1|M63_i_4_z_2_t_1|M63_i_5_z_2_t_1"
64,7,"U64","M64",0.630558660719544,0.166666666666667,0.0931842803132931,0.0682999302280238,0,0,"neither",0,0,0,0.367315299808092,0.880285848463007,0.52874910797327,0.856058952583598,0.0480736048193648,0.767423070333795,0.0480736048193648,0.767423070333795,0,"U64_i_1_z_1_t_0|U64_i_2_z_1_t_0|U64_i_3_z_1_t_0|U64_i_4_z_1_t_0|U64_i_5_z_1_t_0|U64_i_6_z_1_t_0|U64_i_1_z_2_t_0|U64_i_2_z_2_t_0|U64_i_3_z_2_t_0|U64_i_4_z_2_t_0|U64_i_5_z_2_t_0|U64_i_6_z_2_t_0|U64_i_1_z_1_t_1|U64_i_2_z_1_t_1|U64_i_3_z_1_t_1|U64_i_4_z_1_t_1|U64_i_5_z_1_t_1|U64_i_6_z_1_t_1|U64_i_1_z_2_t_1|U64_i_2_z_2_t_1|U64_i_3_z_2_t_1|U64_i_4_z_2_t_1|U64_i_5_z_2_t_1|U64_i_6_z_2_t_1","M64_i_1_z_1_t_0|M64_i_2_z_1_t_0|M64_i_3_z_1_t_0|M64_i_4_z_1_t_0|M64_i_5_z_1_t_0|M64_i_6_z_1_t_0|M64_i_1_z_2_t_0|M64_i_2_z_2_t_0|M64_i_3_z_2_t_0|M64_i_4_z_2_t_0|M64_i_5_z_2_t_0|M64_i_6_z_2_t_0|M64_i_1_z_1_t_1|M64_i_2_z_1_t_1|M64_i_3_z_1_t_1|M64_i_4_z_1_t_1|M64_i_5_z_1_t_1|M64_i_6_z_1_t_1|M64_i_1_z_2_t_1|M64_i_2_z_2_t_1|M64_i_3_z_2_t_1|M64_i_4_z_2_t_1|M64_i_5_z_2_t_1|M64_i_6_z_2_t_1"
65,7,"U65","M65",0.317412560340017,0.00171607573671887,0.0916592917003645,0.0872045358864124,1,1,"both",0.0899432159636456,0.0854884601496936,0.00445475581395204,0.566110247942913,0.719720516032169,0.602634632440831,0.711563301587432,0.566110247942913,0.719720516032169,0.602634632440831,0.711563301587432,-0.0223418837774442,"U65_i_1_z_1_t_0|U65_i_2_z_1_t_0|U65_i_3_z_1_t_0|U65_i_4_z_1_t_0|U65_i_5_z_1_t_0|U65_i_6_z_1_t_0|U65_i_1_z_2_t_0|U65_i_2_z_2_t_0|U65_i_3_z_2_t_0|U65_i_4_z_2_t_0|U65_i_5_z_2_t_0|U65_i_6_z_2_t_0|U65_i_1_z_1_t_1|U65_i_2_z_1_t_1|U65_i_3_z_1_t_1|U65_i_4_z_1_t_1|U65_i_5_z_1_t_1|U65_i_6_z_1_t_1|U65_i_1_z_2_t_1|U65_i_2_z_2_t_1|U65_i_3_z_2_t_1|U65_i_4_z_2_t_1|U65_i_5_z_2_t_1|U65_i_6_z_2_t_1","M65_i_1_z_1_t_0|M65_i_2_z_1_t_0|M65_i_3_z_1_t_0|M65_i_4_z_1_t_0|M65_i_5_z_1_t_0|M65_i_6_z_1_t_0|M65_i_1_z_2_t_0|M65_i_2_z_2_t_0|M65_i_3_z_2_t_0|M65_i_4_z_2_t_0|M65_i_5_z_2_t_0|M65_i_6_z_2_t_0|M65_i_1_z_1_t_1|M65_i_2_z_1_t_1|M65_i_3_z_1_t_1|M65_i_4_z_1_t_1|M65_i_5_z_1_t_1|M65_i_6_z_1_t_1|M65_i_1_z_2_t_1|M65_i_2_z_2_t_1|M65_i_3_z_2_t_1|M65_i_4_z_2_t_1|M65_i_5_z_2_t_1|M65_i_6_z_2_t_1"
66,5,"U66","M66",0.763223457615823,0.27,0.0979034364915869,0.0875333258785679,0,0,"neither",0,0,0,0.598588278133585,0.793723489454601,0.538960926575427,0.760414846658139,0.0994438934605569,0.615890660667606,0.0994438934605569,0.615890660667606,0,"U66_i_1_z_1_t_0|U66_i_2_z_1_t_0|U66_i_3_z_1_t_0|U66_i_4_z_1_t_0|U66_i_1_z_2_t_0|U66_i_2_z_2_t_0|U66_i_3_z_2_t_0|U66_i_4_z_2_t_0|U66_i_1_z_1_t_1|U66_i_2_z_1_t_1|U66_i_3_z_1_t_1|U66_i_4_z_1_t_1|U66_i_1_z_2_t_1|U66_i_2_z_2_t_1|U66_i_3_z_2_t_1|U66_i_4_z_2_t_1","M66_i_1_z_1_t_0|M66_i_2_z_1_t_0|M66_i_3_z_1_t_0|M66_i_4_z_1_t_0|M66_i_1_z_2_t_0|M66_i_2_z_2_t_0|M66_i_3_z_2_t_0|M66_i_4_z_2_t_0|M66_i_1_z_1_t_1|M66_i_2_z_1_t_1|M66_i_3_z_1_t_1|M66_i_4_z_1_t_1|M66_i_1_z_2_t_1|M66_i_2_z_2_t_1|M66_i_3_z_2_t_1|M66_i_4_z_2_t_1"
67,3,"U67","M67",0.0337305446155369,0,0.155426272619422,0.231274288349031,1,1,"both",0.155426272619422,0.231274288349031,-0.0758480157296081,0.640178811528982,0.931550405443762,0.379469787792936,0.924170873628025,0.640178811528982,0.931550405443762,0.379469787792936,0.924170873628025,0.252164082006397,"U67_i_1_z_1_t_0|U67_i_2_z_1_t_0|U67_i_1_z_2_t_0|U67_i_2_z_2_t_0|U67_i_1_z_1_t_1|U67_i_2_z_1_t_1|U67_i_1_z_2_t_1|U67_i_2_z_2_t_1","M67_i_1_z_1_t_0|M67_i_2_z_1_t_0|M67_i_1_z_2_t_0|M67_i_2_z_2_t_0|M67_i_1_z_1_t_1|M67_i_2_z_1_t_1|M67_i_1_z_2_t_1|M67_i_2_z_2_t_1"
68,4,"U68","M68",0.400559920584783,0.174692984039009,0.174692984039009,0.122143183105344,1,0,"U_only",0,0,0,0.818871863132554,0.906233587727868,0.518667385618475,0.85557267438433,0.818871863132554,0.906233587727868,0.248027466237545,0.7645505971685,0.398939538055151,"U68_i_1_z_1_t_0|U68_i_2_z_1_t_0|U68_i_3_z_1_t_0|U68_i_1_z_2_t_0|U68_i_2_z_2_t_0|U68_i_3_z_2_t_0|U68_i_1_z_1_t_1|U68_i_2_z_1_t_1|U68_i_3_z_1_t_1|U68_i_1_z_2_t_1|U68_i_2_z_2_t_1|U68_i_3_z_2_t_1","M68_i_1_z_1_t_0|M68_i_2_z_1_t_0|M68_i_3_z_1_t_0|M68_i_1_z_2_t_0|M68_i_2_z_2_t_0|M68_i_3_z_2_t_0|M68_i_1_z_1_t_1|M68_i_2_z_1_t_1|M68_i_3_z_1_t_1|M68_i_1_z_2_t_1|M68_i_2_z_2_t_1|M68_i_3_z_2_t_1"
69,3,"U69","M69",0.807401769561693,0.193669508896854,0.167761698718993,0.193669508896854,0,1,"M_only",0,0,0,0.5131106473159,0.792231922993568,0.86969240150632,0.792445993646792,0.295860633370467,0.583219101960578,0.86969240150632,0.792445993646792,-0.279449145699592,"U69_i_1_z_1_t_0|U69_i_2_z_1_t_0|U69_i_1_z_2_t_0|U69_i_2_z_2_t_0|U69_i_1_z_1_t_1|U69_i_2_z_1_t_1|U69_i_1_z_2_t_1|U69_i_2_z_2_t_1","M69_i_1_z_1_t_0|M69_i_2_z_1_t_0|M69_i_1_z_2_t_0|M69_i_2_z_2_t_0|M69_i_1_z_1_t_1|M69_i_2_z_1_t_1|M69_i_1_z_2_t_1|M69_i_2_z_2_t_1"
70,5,"U70","M70",0.44428189098835,0.25,0.171379324239793,0.160996041383565,0,0,"neither",0,0,0,0.647800007859665,0.782755541872732,0.527934869092042,0.819631680862121,0.207931772363372,0.492637119025275,0.207931772363372,0.492637119025275,0,"U70_i_1_z_1_t_0|U70_i_2_z_1_t_0|U70_i_3_z_1_t_0|U70_i_4_z_1_t_0|U70_i_1_z_2_t_0|U70_i_2_z_2_t_0|U70_i_3_z_2_t_0|U70_i_4_z_2_t_0|U70_i_1_z_1_t_1|U70_i_2_z_1_t_1|U70_i_3_z_1_t_1|U70_i_4_z_1_t_1|U70_i_1_z_2_t_1|U70_i_2_z_2_t_1|U70_i_3_z_2_t_1|U70_i_4_z_2_t_1","M70_i_1_z_1_t_0|M70_i_2_z_1_t_0|M70_i_3_z_1_t_0|M70_i_4_z_1_t_0|M70_i_1_z_2_t_0|M70_i_2_z_2_t_0|M70_i_3_z_2_t_0|M70_i_4_z_2_t_0|M70_i_1_z_1_t_1|M70_i_2_z_1_t_1|M70_i_3_z_1_t_1|M70_i_4_z_1_t_1|M70_i_1_z_2_t_1|M70_i_2_z_2_t_1|M70_i_3_z_2_t_1|M70_i_4_z_2_t_1"
71,6,"U71","M71",0.635127785848454,0.151468442287296,0.0983719432121468,0.0785306397538704,0,0,"neither",0,0,0,0.643482086186895,0.724676160239575,0.708026089960386,0.759073293938459,0.276914472598582,0.475805637409362,0.276914472598582,0.475805637409362,0,"U71_i_1_z_1_t_0|U71_i_2_z_1_t_0|U71_i_3_z_1_t_0|U71_i_4_z_1_t_0|U71_i_5_z_1_t_0|U71_i_1_z_2_t_0|U71_i_2_z_2_t_0|U71_i_3_z_2_t_0|U71_i_4_z_2_t_0|U71_i_5_z_2_t_0|U71_i_1_z_1_t_1|U71_i_2_z_1_t_1|U71_i_3_z_1_t_1|U71_i_4_z_1_t_1|U71_i_5_z_1_t_1|U71_i_1_z_2_t_1|U71_i_2_z_2_t_1|U71_i_3_z_2_t_1|U71_i_4_z_2_t_1|U71_i_5_z_2_t_1","M71_i_1_z_1_t_0|M71_i_2_z_1_t_0|M71_i_3_z_1_t_0|M71_i_4_z_1_t_0|M71_i_5_z_1_t_0|M71_i_1_z_2_t_0|M71_i_2_z_2_t_0|M71_i_3_z_2_t_0|M71_i_4_z_2_t_0|M71_i_5_z_2_t_0|M71_i_1_z_1_t_1|M71_i_2_z_1_t_1|M71_i_3_z_1_t_1|M71_i_4_z_1_t_1|M71_i_5_z_1_t_1|M71_i_1_z_2_t_1|M71_i_2_z_2_t_1|M71_i_3_z_2_t_1|M71_i_4_z_2_t_1|M71_i_5_z_2_t_1"
72,7,"U72","M72",0.658237789524719,0.186666666666667,0.0847109401601458,0.0671538497135674,0,0,"neither",0,0,0,0.606773614302957,0.840830376420388,0.556991945187175,0.811258022511485,0.0353734897216782,0.669295531950644,0.0353734897216782,0.669295531950644,0,"U72_i_1_z_1_t_0|U72_i_2_z_1_t_0|U72_i_3_z_1_t_0|U72_i_4_z_1_t_0|U72_i_5_z_1_t_0|U72_i_6_z_1_t_0|U72_i_1_z_2_t_0|U72_i_2_z_2_t_0|U72_i_3_z_2_t_0|U72_i_4_z_2_t_0|U72_i_5_z_2_t_0|U72_i_6_z_2_t_0|U72_i_1_z_1_t_1|U72_i_2_z_1_t_1|U72_i_3_z_1_t_1|U72_i_4_z_1_t_1|U72_i_5_z_1_t_1|U72_i_6_z_1_t_1|U72_i_1_z_2_t_1|U72_i_2_z_2_t_1|U72_i_3_z_2_t_1|U72_i_4_z_2_t_1|U72_i_5_z_2_t_1|U72_i_6_z_2_t_1","M72_i_1_z_1_t_0|M72_i_2_z_1_t_0|M72_i_3_z_1_t_0|M72_i_4_z_1_t_0|M72_i_5_z_1_t_0|M72_i_6_z_1_t_0|M72_i_1_z_2_t_0|M72_i_2_z_2_t_0|M72_i_3_z_2_t_0|M72_i_4_z_2_t_0|M72_i_5_z_2_t_0|M72_i_6_z_2_t_0|M72_i_1_z_1_t_1|M72_i_2_z_1_t_1|M72_i_3_z_1_t_1|M72_i_4_z_1_t_1|M72_i_5_z_1_t_1|M72_i_6_z_1_t_1|M72_i_1_z_2_t_1|M72_i_2_z_2_t_1|M72_i_3_z_2_t_1|M72_i_4_z_2_t_1|M72_i_5_z_2_t_1|M72_i_6_z_2_t_1"
73,4,"U73","M73",0.697537298081443,0,0.159553594278061,0.201668433220304,1,1,"both",0.159553594278061,0.201668433220304,-0.0421148389422423,0.573560688168283,0.953446119405744,0.666215951258121,0.960377588789296,0.573560688168283,0.953446119405744,0.666215951258121,0.960377588789296,-0.0328597196466648,"U73_i_1_z_1_t_0|U73_i_2_z_1_t_0|U73_i_3_z_1_t_0|U73_i_1_z_2_t_0|U73_i_2_z_2_t_0|U73_i_3_z_2_t_0|U73_i_1_z_1_t_1|U73_i_2_z_1_t_1|U73_i_3_z_1_t_1|U73_i_1_z_2_t_1|U73_i_2_z_2_t_1|U73_i_3_z_2_t_1","M73_i_1_z_1_t_0|M73_i_2_z_1_t_0|M73_i_3_z_1_t_0|M73_i_1_z_2_t_0|M73_i_2_z_2_t_0|M73_i_3_z_2_t_0|M73_i_1_z_1_t_1|M73_i_2_z_1_t_1|M73_i_3_z_1_t_1|M73_i_1_z_2_t_1|M73_i_2_z_2_t_1|M73_i_3_z_2_t_1"
74,4,"U74","M74",0.497419708408415,0.142278154164669,0.142278154164669,0.160024343677004,1,1,"both",0,0.0177461895123359,-0.0177461895123359,0.526155098732402,0.939726114643097,0.543805089679956,0.885001080821313,0.526155098732402,0.939726114643097,0.543805089679956,0.885001080821313,0.018350772769262,"U74_i_1_z_1_t_0|U74_i_2_z_1_t_0|U74_i_3_z_1_t_0|U74_i_1_z_2_t_0|U74_i_2_z_2_t_0|U74_i_3_z_2_t_0|U74_i_1_z_1_t_1|U74_i_2_z_1_t_1|U74_i_3_z_1_t_1|U74_i_1_z_2_t_1|U74_i_2_z_2_t_1|U74_i_3_z_2_t_1","M74_i_1_z_1_t_0|M74_i_2_z_1_t_0|M74_i_3_z_1_t_0|M74_i_1_z_2_t_0|M74_i_2_z_2_t_0|M74_i_3_z_2_t_0|M74_i_1_z_1_t_1|M74_i_2_z_1_t_1|M74_i_3_z_1_t_1|M74_i_1_z_2_t_1|M74_i_2_z_2_t_1|M74_i_3_z_2_t_1"
75,7,"U75","M75",0.938405175227672,0.0919411986484961,0.0943233237527155,0.0919411986484961,1,1,"both",0.00238212510421937,0,0.00238212510421937,0.442834428321624,0.731742142566967,0.578268949997919,0.806891913802506,0.442834428321624,0.731742142566967,0.578268949997919,0.806891913802506,-0.0788629998753804,"U75_i_1_z_1_t_0|U75_i_2_z_1_t_0|U75_i_3_z_1_t_0|U75_i_4_z_1_t_0|U75_i_5_z_1_t_0|U75_i_6_z_1_t_0|U75_i_1_z_2_t_0|U75_i_2_z_2_t_0|U75_i_3_z_2_t_0|U75_i_4_z_2_t_0|U75_i_5_z_2_t_0|U75_i_6_z_2_t_0|U75_i_1_z_1_t_1|U75_i_2_z_1_t_1|U75_i_3_z_1_t_1|U75_i_4_z_1_t_1|U75_i_5_z_1_t_1|U75_i_6_z_1_t_1|U75_i_1_z_2_t_1|U75_i_2_z_2_t_1|U75_i_3_z_2_t_1|U75_i_4_z_2_t_1|U75_i_5_z_2_t_1|U75_i_6_z_2_t_1","M75_i_1_z_1_t_0|M75_i_2_z_1_t_0|M75_i_3_z_1_t_0|M75_i_4_z_1_t_0|M75_i_5_z_1_t_0|M75_i_6_z_1_t_0|M75_i_1_z_2_t_0|M75_i_2_z_2_t_0|M75_i_3_z_2_t_0|M75_i_4_z_2_t_0|M75_i_5_z_2_t_0|M75_i_6_z_2_t_0|M75_i_1_z_1_t_1|M75_i_2_z_1_t_1|M75_i_3_z_1_t_1|M75_i_4_z_1_t_1|M75_i_5_z_1_t_1|M75_i_6_z_1_t_1|M75_i_1_z_2_t_1|M75_i_2_z_2_t_1|M75_i_3_z_2_t_1|M75_i_4_z_2_t_1|M75_i_5_z_2_t_1|M75_i_6_z_2_t_1"
76,6,"U76","M76",0.421670678071678,0.2,0.115042861791776,0.103567170754986,0,0,"neither",0,0,0,0.639897315213315,0.745336200763355,0.683034804193231,0.790971171959975,0.226791075663641,0.58150630191936,0.226791075663641,0.58150630191936,0,"U76_i_1_z_1_t_0|U76_i_2_z_1_t_0|U76_i_3_z_1_t_0|U76_i_4_z_1_t_0|U76_i_5_z_1_t_0|U76_i_1_z_2_t_0|U76_i_2_z_2_t_0|U76_i_3_z_2_t_0|U76_i_4_z_2_t_0|U76_i_5_z_2_t_0|U76_i_1_z_1_t_1|U76_i_2_z_1_t_1|U76_i_3_z_1_t_1|U76_i_4_z_1_t_1|U76_i_5_z_1_t_1|U76_i_1_z_2_t_1|U76_i_2_z_2_t_1|U76_i_3_z_2_t_1|U76_i_4_z_2_t_1|U76_i_5_z_2_t_1","M76_i_1_z_1_t_0|M76_i_2_z_1_t_0|M76_i_3_z_1_t_0|M76_i_4_z_1_t_0|M76_i_5_z_1_t_0|M76_i_1_z_2_t_0|M76_i_2_z_2_t_0|M76_i_3_z_2_t_0|M76_i_4_z_2_t_0|M76_i_5_z_2_t_0|M76_i_1_z_1_t_1|M76_i_2_z_1_t_1|M76_i_3_z_1_t_1|M76_i_4_z_1_t_1|M76_i_5_z_1_t_1|M76_i_1_z_2_t_1|M76_i_2_z_2_t_1|M76_i_3_z_2_t_1|M76_i_4_z_2_t_1|M76_i_5_z_2_t_1"
77,6,"U77","M77",0.145639821887016,0.190341791044921,0.0582553227035496,0.097272456340553,0,0,"neither",0,0,0,0.528746467527064,0.93402490022243,0.454700317351097,0.91044340411224,0.104375711968169,0.78943743728343,0.104375711968169,0.78943743728343,0,"U77_i_1_z_1_t_0|U77_i_2_z_1_t_0|U77_i_3_z_1_t_0|U77_i_4_z_1_t_0|U77_i_5_z_1_t_0|U77_i_1_z_2_t_0|U77_i_2_z_2_t_0|U77_i_3_z_2_t_0|U77_i_4_z_2_t_0|U77_i_5_z_2_t_0|U77_i_1_z_1_t_1|U77_i_2_z_1_t_1|U77_i_3_z_1_t_1|U77_i_4_z_1_t_1|U77_i_5_z_1_t_1|U77_i_1_z_2_t_1|U77_i_2_z_2_t_1|U77_i_3_z_2_t_1|U77_i_4_z_2_t_1|U77_i_5_z_2_t_1","M77_i_1_z_1_t_0|M77_i_2_z_1_t_0|M77_i_3_z_1_t_0|M77_i_4_z_1_t_0|M77_i_5_z_1_t_0|M77_i_1_z_2_t_0|M77_i_2_z_2_t_0|M77_i_3_z_2_t_0|M77_i_4_z_2_t_0|M77_i_5_z_2_t_0|M77_i_1_z_1_t_1|M77_i_2_z_1_t_1|M77_i_3_z_1_t_1|M77_i_4_z_1_t_1|M77_i_5_z_1_t_1|M77_i_1_z_2_t_1|M77_i_2_z_2_t_1|M77_i_3_z_2_t_1|M77_i_4_z_2_t_1|M77_i_5_z_2_t_1"
78,5,"U78","M78",0.495836643269286,0.27,0.0938795457026721,0.114242457211035,0,0,"neither",0,0,0,0.727934505413845,0.819288450473294,0.776971756666554,0.817011304470309,0.250701286434196,0.645518817873898,0.250701286434196,0.645518817873898,0,"U78_i_1_z_1_t_0|U78_i_2_z_1_t_0|U78_i_3_z_1_t_0|U78_i_4_z_1_t_0|U78_i_1_z_2_t_0|U78_i_2_z_2_t_0|U78_i_3_z_2_t_0|U78_i_4_z_2_t_0|U78_i_1_z_1_t_1|U78_i_2_z_1_t_1|U78_i_3_z_1_t_1|U78_i_4_z_1_t_1|U78_i_1_z_2_t_1|U78_i_2_z_2_t_1|U78_i_3_z_2_t_1|U78_i_4_z_2_t_1","M78_i_1_z_1_t_0|M78_i_2_z_1_t_0|M78_i_3_z_1_t_0|M78_i_4_z_1_t_0|M78_i_1_z_2_t_0|M78_i_2_z_2_t_0|M78_i_3_z_2_t_0|M78_i_4_z_2_t_0|M78_i_1_z_1_t_1|M78_i_2_z_1_t_1|M78_i_3_z_1_t_1|M78_i_4_z_1_t_1|M78_i_1_z_2_t_1|M78_i_2_z_2_t_1|M78_i_3_z_2_t_1|M78_i_4_z_2_t_1"
79,5,"U79","M79",0.810257981996983,0,0.139643839021143,0.11041682475629,1,1,"both",0.139643839021143,0.11041682475629,0.0292270142648536,0.739056359415541,0.898237040327736,0.543776020763472,0.904812029600393,0.739056359415541,0.898237040327736,0.543776020763472,0.904812029600393,0.0317254479924417,"U79_i_1_z_1_t_0|U79_i_2_z_1_t_0|U79_i_3_z_1_t_0|U79_i_4_z_1_t_0|U79_i_1_z_2_t_0|U79_i_2_z_2_t_0|U79_i_3_z_2_t_0|U79_i_4_z_2_t_0|U79_i_1_z_1_t_1|U79_i_2_z_1_t_1|U79_i_3_z_1_t_1|U79_i_4_z_1_t_1|U79_i_1_z_2_t_1|U79_i_2_z_2_t_1|U79_i_3_z_2_t_1|U79_i_4_z_2_t_1","M79_i_1_z_1_t_0|M79_i_2_z_1_t_0|M79_i_3_z_1_t_0|M79_i_4_z_1_t_0|M79_i_1_z_2_t_0|M79_i_2_z_2_t_0|M79_i_3_z_2_t_0|M79_i_4_z_2_t_0|M79_i_1_z_1_t_1|M79_i_2_z_1_t_1|M79_i_3_z_1_t_1|M79_i_4_z_1_t_1|M79_i_1_z_2_t_1|M79_i_2_z_2_t_1|M79_i_3_z_2_t_1|M79_i_4_z_2_t_1"
80,6,"U80","M80",0.373486813856289,0.0860627140319782,0.0860627140319782,0.0945509421718592,1,1,"both",0,0.00848822813988093,-0.00848822813988093,0.581274240520123,0.896995904445767,0.738969987840017,0.874051146350365,0.581274240520123,0.896995904445767,0.738969987840017,0.874051146350365,-0.0902289004989446,"U80_i_1_z_1_t_0|U80_i_2_z_1_t_0|U80_i_3_z_1_t_0|U80_i_4_z_1_t_0|U80_i_5_z_1_t_0|U80_i_1_z_2_t_0|U80_i_2_z_2_t_0|U80_i_3_z_2_t_0|U80_i_4_z_2_t_0|U80_i_5_z_2_t_0|U80_i_1_z_1_t_1|U80_i_2_z_1_t_1|U80_i_3_z_1_t_1|U80_i_4_z_1_t_1|U80_i_5_z_1_t_1|U80_i_1_z_2_t_1|U80_i_2_z_2_t_1|U80_i_3_z_2_t_1|U80_i_4_z_2_t_1|U80_i_5_z_2_t_1","M80_i_1_z_1_t_0|M80_i_2_z_1_t_0|M80_i_3_z_1_t_0|M80_i_4_z_1_t_0|M80_i_5_z_1_t_0|M80_i_1_z_2_t_0|M80_i_2_z_2_t_0|M80_i_3_z_2_t_0|M80_i_4_z_2_t_0|M80_i_5_z_2_t_0|M80_i_1_z_1_t_1|M80_i_2_z_1_t_1|M80_i_3_z_1_t_1|M80_i_4_z_1_t_1|M80_i_5_z_1_t_1|M80_i_1_z_2_t_1|M80_i_2_z_2_t_1|M80_i_3_z_2_t_1|M80_i_4_z_2_t_1|M80_i_5_z_2_t_1"
81,6,"U81","M81",0.699060497339815,0.0930337438148665,0.0866030540431375,0.0930337438148665,0,1,"M_only",0,0,0,0.551250588115305,0.537757631143559,0.511429740347197,0.650145791254922,0.0086413498967886,0.204314716423337,0.511429740347197,0.650145791254922,-0.462971781066773,"U81_i_1_z_1_t_0|U81_i_2_z_1_t_0|U81_i_3_z_1_t_0|U81_i_4_z_1_t_0|U81_i_5_z_1_t_0|U81_i_1_z_2_t_0|U81_i_2_z_2_t_0|U81_i_3_z_2_t_0|U81_i_4_z_2_t_0|U81_i_5_z_2_t_0|U81_i_1_z_1_t_1|U81_i_2_z_1_t_1|U81_i_3_z_1_t_1|U81_i_4_z_1_t_1|U81_i_5_z_1_t_1|U81_i_1_z_2_t_1|U81_i_2_z_2_t_1|U81_i_3_z_2_t_1|U81_i_4_z_2_t_1|U81_i_5_z_2_t_1","M81_i_1_z_1_t_0|M81_i_2_z_1_t_0|M81_i_3_z_1_t_0|M81_i_4_z_1_t_0|M81_i_5_z_1_t_0|M81_i_1_z_2_t_0|M81_i_2_z_2_t_0|M81_i_3_z_2_t_0|M81_i_4_z_2_t_0|M81_i_5_z_2_t_0|M81_i_1_z_1_t_1|M81_i_2_z_1_t_1|M81_i_3_z_1_t_1|M81_i_4_z_1_t_1|M81_i_5_z_1_t_1|M81_i_1_z_2_t_1|M81_i_2_z_2_t_1|M81_i_3_z_2_t_1|M81_i_4_z_2_t_1|M81_i_5_z_2_t_1"
82,5,"U82","M82",0.355974459555,0.25,0.0975983901983576,0.125521912644993,0,0,"neither",0,0,0,0.379138238264136,0.857941057166401,0.627595086322334,0.899021154064648,0.0480962066911161,0.72195604895849,0.0480962066911161,0.72195604895849,0,"U82_i_1_z_1_t_0|U82_i_2_z_1_t_0|U82_i_3_z_1_t_0|U82_i_4_z_1_t_0|U82_i_1_z_2_t_0|U82_i_2_z_2_t_0|U82_i_3_z_2_t_0|U82_i_4_z_2_t_0|U82_i_1_z_1_t_1|U82_i_2_z_1_t_1|U82_i_3_z_1_t_1|U82_i_4_z_1_t_1|U82_i_1_z_2_t_1|U82_i_2_z_2_t_1|U82_i_3_z_2_t_1|U82_i_4_z_2_t_1","M82_i_1_z_1_t_0|M82_i_2_z_1_t_0|M82_i_3_z_1_t_0|M82_i_4_z_1_t_0|M82_i_1_z_2_t_0|M82_i_2_z_2_t_0|M82_i_3_z_2_t_0|M82_i_4_z_2_t_0|M82_i_1_z_1_t_1|M82_i_2_z_1_t_1|M82_i_3_z_1_t_1|M82_i_4_z_1_t_1|M82_i_1_z_2_t_1|M82_i_2_z_2_t_1|M82_i_3_z_2_t_1|M82_i_4_z_2_t_1"
83,4,"U83","M83",0.65283006709069,0.0782329185555379,0.137267804417775,0.171618912035943,1,1,"both",0.059034885862237,0.093385993480405,-0.0343511076181679,0.637125959670188,0.664776712465495,0.578301675568521,0.794271080071841,0.637125959670188,0.664776712465495,0.578301675568521,0.794271080071841,-0.0641157939273034,"U83_i_1_z_1_t_0|U83_i_2_z_1_t_0|U83_i_3_z_1_t_0|U83_i_1_z_2_t_0|U83_i_2_z_2_t_0|U83_i_3_z_2_t_0|U83_i_1_z_1_t_1|U83_i_2_z_1_t_1|U83_i_3_z_1_t_1|U83_i_1_z_2_t_1|U83_i_2_z_2_t_1|U83_i_3_z_2_t_1","M83_i_1_z_1_t_0|M83_i_2_z_1_t_0|M83_i_3_z_1_t_0|M83_i_1_z_2_t_0|M83_i_2_z_2_t_0|M83_i_3_z_2_t_0|M83_i_1_z_1_t_1|M83_i_2_z_1_t_1|M83_i_3_z_1_t_1|M83_i_1_z_2_t_1|M83_i_2_z_2_t_1|M83_i_3_z_2_t_1"
84,6,"U84","M84",0.5697001372464,0.22,0.115008642625498,0.117360246713315,0,0,"neither",0,0,0,0.627950957275293,0.864121914208967,0.555273140952461,0.902423202663906,0.245221422077157,0.738957397287497,0.245221422077157,0.738957397287497,0,"U84_i_1_z_1_t_0|U84_i_2_z_1_t_0|U84_i_3_z_1_t_0|U84_i_4_z_1_t_0|U84_i_5_z_1_t_0|U84_i_1_z_2_t_0|U84_i_2_z_2_t_0|U84_i_3_z_2_t_0|U84_i_4_z_2_t_0|U84_i_5_z_2_t_0|U84_i_1_z_1_t_1|U84_i_2_z_1_t_1|U84_i_3_z_1_t_1|U84_i_4_z_1_t_1|U84_i_5_z_1_t_1|U84_i_1_z_2_t_1|U84_i_2_z_2_t_1|U84_i_3_z_2_t_1|U84_i_4_z_2_t_1|U84_i_5_z_2_t_1","M84_i_1_z_1_t_0|M84_i_2_z_1_t_0|M84_i_3_z_1_t_0|M84_i_4_z_1_t_0|M84_i_5_z_1_t_0|M84_i_1_z_2_t_0|M84_i_2_z_2_t_0|M84_i_3_z_2_t_0|M84_i_4_z_2_t_0|M84_i_5_z_2_t_0|M84_i_1_z_1_t_1|M84_i_2_z_1_t_1|M84_i_3_z_1_t_1|M84_i_4_z_1_t_1|M84_i_5_z_1_t_1|M84_i_1_z_2_t_1|M84_i_2_z_2_t_1|M84_i_3_z_2_t_1|M84_i_4_z_2_t_1|M84_i_5_z_2_t_1"
85,6,"U85","M85",0.528795471182093,0,0.106851348125067,0.104506269249479,1,1,"both",0.106851348125067,0.104506269249479,0.00234507887558846,0.528217581591267,0.842999035958209,0.532386459236476,0.732393856275325,0.528217581591267,0.842999035958209,0.532386459236476,0.732393856275325,0.0565231240790803,"U85_i_1_z_1_t_0|U85_i_2_z_1_t_0|U85_i_3_z_1_t_0|U85_i_4_z_1_t_0|U85_i_5_z_1_t_0|U85_i_1_z_2_t_0|U85_i_2_z_2_t_0|U85_i_3_z_2_t_0|U85_i_4_z_2_t_0|U85_i_5_z_2_t_0|U85_i_1_z_1_t_1|U85_i_2_z_1_t_1|U85_i_3_z_1_t_1|U85_i_4_z_1_t_1|U85_i_5_z_1_t_1|U85_i_1_z_2_t_1|U85_i_2_z_2_t_1|U85_i_3_z_2_t_1|U85_i_4_z_2_t_1|U85_i_5_z_2_t_1","M85_i_1_z_1_t_0|M85_i_2_z_1_t_0|M85_i_3_z_1_t_0|M85_i_4_z_1_t_0|M85_i_5_z_1_t_0|M85_i_1_z_2_t_0|M85_i_2_z_2_t_0|M85_i_3_z_2_t_0|M85_i_4_z_2_t_0|M85_i_5_z_2_t_0|M85_i_1_z_1_t_1|M85_i_2_z_1_t_1|M85_i_3_z_1_t_1|M85_i_4_z_1_t_1|M85_i_5_z_1_t_1|M85_i_1_z_2_t_1|M85_i_2_z_2_t_1|M85_i_3_z_2_t_1|M85_i_4_z_2_t_1|M85_i_5_z_2_t_1"
86,6,"U86","M86",0.625991431996226,0.0988592209567143,0.0988592209567143,0.089405799460118,1,0,"U_only",0,0,0,0.718202743963441,0.841465075141846,0.488597399507701,0.822615607149461,0.718202743963441,0.841465075141846,0.0467836224474013,0.649314419299045,0.371401168378615,"U86_i_1_z_1_t_0|U86_i_2_z_1_t_0|U86_i_3_z_1_t_0|U86_i_4_z_1_t_0|U86_i_5_z_1_t_0|U86_i_1_z_2_t_0|U86_i_2_z_2_t_0|U86_i_3_z_2_t_0|U86_i_4_z_2_t_0|U86_i_5_z_2_t_0|U86_i_1_z_1_t_1|U86_i_2_z_1_t_1|U86_i_3_z_1_t_1|U86_i_4_z_1_t_1|U86_i_5_z_1_t_1|U86_i_1_z_2_t_1|U86_i_2_z_2_t_1|U86_i_3_z_2_t_1|U86_i_4_z_2_t_1|U86_i_5_z_2_t_1","M86_i_1_z_1_t_0|M86_i_2_z_1_t_0|M86_i_3_z_1_t_0|M86_i_4_z_1_t_0|M86_i_5_z_1_t_0|M86_i_1_z_2_t_0|M86_i_2_z_2_t_0|M86_i_3_z_2_t_0|M86_i_4_z_2_t_0|M86_i_5_z_2_t_0|M86_i_1_z_1_t_1|M86_i_2_z_1_t_1|M86_i_3_z_1_t_1|M86_i_4_z_1_t_1|M86_i_5_z_1_t_1|M86_i_1_z_2_t_1|M86_i_2_z_2_t_1|M86_i_3_z_2_t_1|M86_i_4_z_2_t_1|M86_i_5_z_2_t_1"
87,3,"U87","M87",0.160563621902838,0.222899389176601,0.393145457280691,0.222899389176601,1,1,"both",0.170246068104089,0,0.170246068104089,0.732168500418778,0.681458312358306,0.488382560029705,0.682932512275755,0.732168500418778,0.681458312358306,0.488382560029705,0.682932512275755,0.204406083953059,"U87_i_1_z_1_t_0|U87_i_2_z_1_t_0|U87_i_1_z_2_t_0|U87_i_2_z_2_t_0|U87_i_1_z_1_t_1|U87_i_2_z_1_t_1|U87_i_1_z_2_t_1|U87_i_2_z_2_t_1","M87_i_1_z_1_t_0|M87_i_2_z_1_t_0|M87_i_1_z_2_t_0|M87_i_2_z_2_t_0|M87_i_1_z_1_t_1|M87_i_2_z_1_t_1|M87_i_1_z_2_t_1|M87_i_2_z_2_t_1"
88,3,"U88","M88",0.3828610915225,0.5,0.261635257448012,0.261728628095735,0,0,"neither",0,0,0,0.670403188846251,0.970036712235746,0.845882796274615,0.96260237352487,0.274344720924273,0.931736333791014,0.274344720924273,0.931736333791014,0,"U88_i_1_z_1_t_0|U88_i_2_z_1_t_0|U88_i_1_z_2_t_0|U88_i_2_z_2_t_0|U88_i_1_z_1_t_1|U88_i_2_z_1_t_1|U88_i_1_z_2_t_1|U88_i_2_z_2_t_1","M88_i_1_z_1_t_0|M88_i_2_z_1_t_0|M88_i_1_z_2_t_0|M88_i_2_z_2_t_0|M88_i_1_z_1_t_1|M88_i_2_z_1_t_1|M88_i_1_z_2_t_1|M88_i_2_z_2_t_1"
89,7,"U89","M89",0.270779306069016,0.0157744732374946,0.0689871266724902,0.079538088301849,1,1,"both",0.0532126534349956,0.0637636150643544,-0.0105509616293588,0.621368577926733,0.658527825359977,0.429297386678189,0.560692104870038,0.621368577926733,0.658527825359977,0.429297386678189,0.560692104870038,0.166554175869442,"U89_i_1_z_1_t_0|U89_i_2_z_1_t_0|U89_i_3_z_1_t_0|U89_i_4_z_1_t_0|U89_i_5_z_1_t_0|U89_i_6_z_1_t_0|U89_i_1_z_2_t_0|U89_i_2_z_2_t_0|U89_i_3_z_2_t_0|U89_i_4_z_2_t_0|U89_i_5_z_2_t_0|U89_i_6_z_2_t_0|U89_i_1_z_1_t_1|U89_i_2_z_1_t_1|U89_i_3_z_1_t_1|U89_i_4_z_1_t_1|U89_i_5_z_1_t_1|U89_i_6_z_1_t_1|U89_i_1_z_2_t_1|U89_i_2_z_2_t_1|U89_i_3_z_2_t_1|U89_i_4_z_2_t_1|U89_i_5_z_2_t_1|U89_i_6_z_2_t_1","M89_i_1_z_1_t_0|M89_i_2_z_1_t_0|M89_i_3_z_1_t_0|M89_i_4_z_1_t_0|M89_i_5_z_1_t_0|M89_i_6_z_1_t_0|M89_i_1_z_2_t_0|M89_i_2_z_2_t_0|M89_i_3_z_2_t_0|M89_i_4_z_2_t_0|M89_i_5_z_2_t_0|M89_i_6_z_2_t_0|M89_i_1_z_1_t_1|M89_i_2_z_1_t_1|M89_i_3_z_1_t_1|M89_i_4_z_1_t_1|M89_i_5_z_1_t_1|M89_i_6_z_1_t_1|M89_i_1_z_2_t_1|M89_i_2_z_2_t_1|M89_i_3_z_2_t_1|M89_i_4_z_2_t_1|M89_i_5_z_2_t_1|M89_i_6_z_2_t_1"
90,3,"U90","M90",0.0345923264976591,0.52,0.118327628341185,0.293363766537278,0,0,"neither",0,0,0,0.609442419732586,0.713390321054335,0.691716028784716,0.578972485632647,0.293679859070107,0.486459383089051,0.293679859070107,0.486459383089051,0,"U90_i_1_z_1_t_0|U90_i_2_z_1_t_0|U90_i_1_z_2_t_0|U90_i_2_z_2_t_0|U90_i_1_z_1_t_1|U90_i_2_z_1_t_1|U90_i_1_z_2_t_1|U90_i_2_z_2_t_1","M90_i_1_z_1_t_0|M90_i_2_z_1_t_0|M90_i_1_z_2_t_0|M90_i_2_z_2_t_0|M90_i_1_z_1_t_1|M90_i_2_z_1_t_1|M90_i_1_z_2_t_1|M90_i_2_z_2_t_1"
91,6,"U91","M91",0.410937443375587,0,0.102358094571535,0.0961739515470193,1,1,"both",0.102358094571535,0.0961739515470193,0.00618414302451613,0.617993484361605,0.930360480633858,0.551610768264391,0.919443465406637,0.617993484361605,0.930360480633858,0.551610768264391,0.919443465406637,0.0435897827866637,"U91_i_1_z_1_t_0|U91_i_2_z_1_t_0|U91_i_3_z_1_t_0|U91_i_4_z_1_t_0|U91_i_5_z_1_t_0|U91_i_1_z_2_t_0|U91_i_2_z_2_t_0|U91_i_3_z_2_t_0|U91_i_4_z_2_t_0|U91_i_5_z_2_t_0|U91_i_1_z_1_t_1|U91_i_2_z_1_t_1|U91_i_3_z_1_t_1|U91_i_4_z_1_t_1|U91_i_5_z_1_t_1|U91_i_1_z_2_t_1|U91_i_2_z_2_t_1|U91_i_3_z_2_t_1|U91_i_4_z_2_t_1|U91_i_5_z_2_t_1","M91_i_1_z_1_t_0|M91_i_2_z_1_t_0|M91_i_3_z_1_t_0|M91_i_4_z_1_t_0|M91_i_5_z_1_t_0|M91_i_1_z_2_t_0|M91_i_2_z_2_t_0|M91_i_3_z_2_t_0|M91_i_4_z_2_t_0|M91_i_5_z_2_t_0|M91_i_1_z_1_t_1|M91_i_2_z_1_t_1|M91_i_3_z_1_t_1|M91_i_4_z_1_t_1|M91_i_5_z_1_t_1|M91_i_1_z_2_t_1|M91_i_2_z_2_t_1|M91_i_3_z_2_t_1|M91_i_4_z_2_t_1|M91_i_5_z_2_t_1"
92,3,"U92","M92",0.536826148862019,0.222331117434988,0.222331117434988,0.322303230104967,1,1,"both",0,0.0999721126699785,-0.0999721126699785,0.677207092780646,0.585911191414526,0.578458790274536,0.595822836459455,0.677207092780646,0.585911191414526,0.578458790274536,0.595822836459455,0.0404168013267366,"U92_i_1_z_1_t_0|U92_i_2_z_1_t_0|U92_i_1_z_2_t_0|U92_i_2_z_2_t_0|U92_i_1_z_1_t_1|U92_i_2_z_1_t_1|U92_i_1_z_2_t_1|U92_i_2_z_2_t_1","M92_i_1_z_1_t_0|M92_i_2_z_1_t_0|M92_i_1_z_2_t_0|M92_i_2_z_2_t_0|M92_i_1_z_1_t_1|M92_i_2_z_1_t_1|M92_i_1_z_2_t_1|M92_i_2_z_2_t_1"
93,7,"U93","M93",0.522257288685068,0.0836254533604791,0.0867290133694073,0.0836254533604791,1,1,"both",0.00310356000892821,0,0.00310356000892821,0.496327111864016,0.711201154634273,0.687031733170934,0.771021625858843,0.496327111864016,0.711201154634273,0.687031733170934,0.771021625858843,-0.122349419953061,"U93_i_1_z_1_t_0|U93_i_2_z_1_t_0|U93_i_3_z_1_t_0|U93_i_4_z_1_t_0|U93_i_5_z_1_t_0|U93_i_6_z_1_t_0|U93_i_1_z_2_t_0|U93_i_2_z_2_t_0|U93_i_3_z_2_t_0|U93_i_4_z_2_t_0|U93_i_5_z_2_t_0|U93_i_6_z_2_t_0|U93_i_1_z_1_t_1|U93_i_2_z_1_t_1|U93_i_3_z_1_t_1|U93_i_4_z_1_t_1|U93_i_5_z_1_t_1|U93_i_6_z_1_t_1|U93_i_1_z_2_t_1|U93_i_2_z_2_t_1|U93_i_3_z_2_t_1|U93_i_4_z_2_t_1|U93_i_5_z_2_t_1|U93_i_6_z_2_t_1","M93_i_1_z_1_t_0|M93_i_2_z_1_t_0|M93_i_3_z_1_t_0|M93_i_4_z_1_t_0|M93_i_5_z_1_t_0|M93_i_6_z_1_t_0|M93_i_1_z_2_t_0|M93_i_2_z_2_t_0|M93_i_3_z_2_t_0|M93_i_4_z_2_t_0|M93_i_5_z_2_t_0|M93_i_6_z_2_t_0|M93_i_1_z_1_t_1|M93_i_2_z_1_t_1|M93_i_3_z_1_t_1|M93_i_4_z_1_t_1|M93_i_5_z_1_t_1|M93_i_6_z_1_t_1|M93_i_1_z_2_t_1|M93_i_2_z_2_t_1|M93_i_3_z_2_t_1|M93_i_4_z_2_t_1|M93_i_5_z_2_t_1|M93_i_6_z_2_t_1"
94,6,"U94","M94",0.991315911756828,0.2,0.109286416939383,0.1072149582984,0,0,"neither",0,0,0,0.464207740199028,0.813305205438378,0.495953359141685,0.800664976014702,0.0830300545552745,0.538854841794372,0.0830300545552745,0.538854841794372,0,"U94_i_1_z_1_t_0|U94_i_2_z_1_t_0|U94_i_3_z_1_t_0|U94_i_4_z_1_t_0|U94_i_5_z_1_t_0|U94_i_1_z_2_t_0|U94_i_2_z_2_t_0|U94_i_3_z_2_t_0|U94_i_4_z_2_t_0|U94_i_5_z_2_t_0|U94_i_1_z_1_t_1|U94_i_2_z_1_t_1|U94_i_3_z_1_t_1|U94_i_4_z_1_t_1|U94_i_5_z_1_t_1|U94_i_1_z_2_t_1|U94_i_2_z_2_t_1|U94_i_3_z_2_t_1|U94_i_4_z_2_t_1|U94_i_5_z_2_t_1","M94_i_1_z_1_t_0|M94_i_2_z_1_t_0|M94_i_3_z_1_t_0|M94_i_4_z_1_t_0|M94_i_5_z_1_t_0|M94_i_1_z_2_t_0|M94_i_2_z_2_t_0|M94_i_3_z_2_t_0|M94_i_4_z_2_t_0|M94_i_5_z_2_t_0|M94_i_1_z_1_t_1|M94_i_2_z_1_t_1|M94_i_3_z_1_t_1|M94_i_4_z_1_t_1|M94_i_5_z_1_t_1|M94_i_1_z_2_t_1|M94_i_2_z_2_t_1|M94_i_3_z_2_t_1|M94_i_4_z_2_t_1|M94_i_5_z_2_t_1"
95,3,"U95","M95",0.525512469699606,0.155693134409375,0.274720536253724,0.278081082726349,1,1,"both",0.119027401844348,0.122387948316973,-0.0033605464726249,0.332315005234934,0.591763304472327,0.615718265469685,0.57351139962575,0.332315005234934,0.591763304472327,0.615718265469685,0.57351139962575,-0.12487970943522,"U95_i_1_z_1_t_0|U95_i_2_z_1_t_0|U95_i_1_z_2_t_0|U95_i_2_z_2_t_0|U95_i_1_z_1_t_1|U95_i_2_z_1_t_1|U95_i_1_z_2_t_1|U95_i_2_z_2_t_1","M95_i_1_z_1_t_0|M95_i_2_z_1_t_0|M95_i_1_z_2_t_0|M95_i_2_z_2_t_0|M95_i_1_z_1_t_1|M95_i_2_z_1_t_1|M95_i_1_z_2_t_1|M95_i_2_z_2_t_1"
96,4,"U96","M96",0.459642094327137,0.353333333333333,0.194087331041344,0.193764743852269,0,0,"neither",0,0,0,0.727619487399638,0.876420684819141,0.648306358858388,0.852433404654525,0.163185179256834,0.729548038685591,0.163185179256834,0.729548038685591,0,"U96_i_1_z_1_t_0|U96_i_2_z_1_t_0|U96_i_3_z_1_t_0|U96_i_1_z_2_t_0|U96_i_2_z_2_t_0|U96_i_3_z_2_t_0|U96_i_1_z_1_t_1|U96_i_2_z_1_t_1|U96_i_3_z_1_t_1|U96_i_1_z_2_t_1|U96_i_2_z_2_t_1|U96_i_3_z_2_t_1","M96_i_1_z_1_t_0|M96_i_2_z_1_t_0|M96_i_3_z_1_t_0|M96_i_1_z_2_t_0|M96_i_2_z_2_t_0|M96_i_3_z_2_t_0|M96_i_1_z_1_t_1|M96_i_2_z_1_t_1|M96_i_3_z_1_t_1|M96_i_1_z_2_t_1|M96_i_2_z_2_t_1|M96_i_3_z_2_t_1"
