"o","branch","gap"
0,"H included under majority",-0.45
0.001,"H included under majority",-0.449595
0.002,"H included under majority",-0.44919
0.003,"H included under majority",-0.448785
0.004,"H included under majority",-0.44838
0.005,"H included under majority",-0.447975
0.006,"H included under majority",-0.44757
0.007,"H included under majority",-0.447165
0.008,"H included under majority",-0.44676
0.009,"H included under majority",-0.446355
0.01,"H included under majority",-0.44595
0.011,"H included under majority",-0.445545
0.012,"H included under majority",-0.44514
0.013,"H included under majority",-0.444735
0.014,"H included under majority",-0.44433
0.015,"H included under majority",-0.443925
0.016,"H included under majority",-0.44352
0.017,"H included under majority",-0.443115
0.018,"H included under majority",-0.44271
0.019,"H included under majority",-0.442305
0.02,"H included under majority",-0.4419
0.021,"H included under majority",-0.441495
0.022,"H included under majority",-0.44109
0.023,"H included under majority",-0.440685
0.024,"H included under majority",-0.44028
0.025,"H included under majority",-0.439875
0.026,"H included under majority",-0.43947
0.027,"H included under majority",-0.439065
0.028,"H included under majority",-0.43866
0.029,"H included under majority",-0.438255
0.03,"H included under majority",-0.43785
0.031,"H included under majority",-0.437445
0.032,"H included under majority",-0.43704
0.033,"H included under majority",-0.436635
0.034,"H included under majority",-0.43623
0.035,"H included under majority",-0.435825
0.036,"H included under majority",-0.43542
0.037,"H included under majority",-0.435015
0.038,"H included under majority",-0.43461
0.039,"H included under majority",-0.434205
0.04,"H included under majority",-0.4338
0.041,"H included under majority",-0.433395
0.042,"H included under majority",-0.43299
0.043,"H included under majority",-0.432585
0.044,"H included under majority",-0.43218
0.045,"H included under majority",-0.431775
0.046,"H included under majority",-0.43137
0.047,"H included under majority",-0.430965
0.048,"H included under majority",-0.43056
0.049,"H included under majority",-0.430155
0.05,"H included under majority",-0.42975
0.051,"H included under majority",-0.429345
0.052,"H included under majority",-0.42894
0.053,"H included under majority",-0.428535
0.054,"H included under majority",-0.42813
0.055,"H included under majority",-0.427725
0.056,"H included under majority",-0.42732
0.057,"H included under majority",-0.426915
0.058,"H included under majority",-0.42651
0.059,"H included under majority",-0.426105
0.06,"H included under majority",-0.4257
0.061,"H included under majority",-0.425295
0.062,"H included under majority",-0.42489
0.063,"H included under majority",-0.424485
0.064,"H included under majority",-0.42408
0.065,"H included under majority",-0.423675
0.066,"H included under majority",-0.42327
0.067,"H included under majority",-0.422865
0.068,"H included under majority",-0.42246
0.069,"H included under majority",-0.422055
0.07,"H included under majority",-0.42165
0.071,"H included under majority",-0.421245
0.072,"H included under majority",-0.42084
0.073,"H included under majority",-0.420435
0.074,"H included under majority",-0.42003
0.075,"H included under majority",-0.419625
0.076,"H included under majority",-0.41922
0.077,"H included under majority",-0.418815
0.078,"H included under majority",-0.41841
0.079,"H included under majority",-0.418005
0.08,"H included under majority",-0.4176
0.081,"H included under majority",-0.417195
0.082,"H included under majority",-0.41679
0.083,"H included under majority",-0.416385
0.084,"H included under majority",-0.41598
0.085,"H included under majority",-0.415575
0.086,"H included under majority",-0.41517
0.087,"H included under majority",-0.414765
0.088,"H included under majority",-0.41436
0.089,"H included under majority",-0.413955
0.09,"H included under majority",-0.41355
0.091,"H included under majority",-0.413145
0.092,"H included under majority",-0.41274
0.093,"H included under majority",-0.412335
0.094,"H included under majority",-0.41193
0.095,"H included under majority",-0.411525
0.096,"H included under majority",-0.41112
0.097,"H included under majority",-0.410715
0.098,"H included under majority",-0.41031
0.099,"H included under majority",-0.409905
0.1,"H included under majority",-0.4095
0.101,"H included under majority",-0.409095
0.102,"H included under majority",-0.40869
0.103,"H included under majority",-0.408285
0.104,"H included under majority",-0.40788
0.105,"H included under majority",-0.407475
0.106,"H included under majority",-0.40707
0.107,"H included under majority",-0.406665
0.108,"H included under majority",-0.40626
0.109,"H included under majority",-0.405855
0.11,"H included under majority",-0.40545
0.111,"H included under majority",-0.405045
0.112,"H included under majority",-0.40464
0.113,"H included under majority",-0.404235
0.114,"H included under majority",-0.40383
0.115,"H included under majority",-0.403425
0.116,"H included under majority",-0.40302
0.117,"H included under majority",-0.402615
0.118,"H included under majority",-0.40221
0.119,"H included under majority",-0.401805
0.12,"H included under majority",-0.4014
0.121,"H included under majority",-0.400995
0.122,"H included under majority",-0.40059
0.123,"H included under majority",-0.400185
0.124,"H included under majority",-0.39978
0.125,"H included under majority",-0.399375
0.126,"H included under majority",-0.39897
0.127,"H included under majority",-0.398565
0.128,"H included under majority",-0.39816
0.129,"H included under majority",-0.397755
0.13,"H included under majority",-0.39735
0.131,"H included under majority",-0.396945
0.132,"H included under majority",-0.39654
0.133,"H included under majority",-0.396135
0.134,"H included under majority",-0.39573
0.135,"H included under majority",-0.395325
0.136,"H included under majority",-0.39492
0.137,"H included under majority",-0.394515
0.138,"H included under majority",-0.39411
0.139,"H included under majority",-0.393705
0.14,"H included under majority",-0.3933
0.141,"H included under majority",-0.392895
0.142,"H included under majority",-0.39249
0.143,"H included under majority",-0.392085
0.144,"H included under majority",-0.39168
0.145,"H included under majority",-0.391275
0.146,"H included under majority",-0.39087
0.147,"H included under majority",-0.390465
0.148,"H included under majority",-0.39006
0.149,"H included under majority",-0.389655
0.15,"H included under majority",-0.38925
0.151,"H included under majority",-0.388845
0.152,"H included under majority",-0.38844
0.153,"H included under majority",-0.388035
0.154,"H included under majority",-0.38763
0.155,"H included under majority",-0.387225
0.156,"H included under majority",-0.38682
0.157,"H included under majority",-0.386415
0.158,"H included under majority",-0.38601
0.159,"H included under majority",-0.385605
0.16,"H included under majority",-0.3852
0.161,"H included under majority",-0.384795
0.162,"H included under majority",-0.38439
0.163,"H included under majority",-0.383985
0.164,"H included under majority",-0.38358
0.165,"H included under majority",-0.383175
0.166,"H included under majority",-0.38277
0.167,"H included under majority",-0.382365
0.168,"H included under majority",-0.38196
0.169,"H included under majority",-0.381555
0.17,"H included under majority",-0.38115
0.171,"H included under majority",-0.380745
0.172,"H included under majority",-0.38034
0.173,"H included under majority",-0.379935
0.174,"H included under majority",-0.37953
0.175,"H included under majority",-0.379125
0.176,"H included under majority",-0.37872
0.177,"H included under majority",-0.378315
0.178,"H included under majority",-0.37791
0.179,"H included under majority",-0.377505
0.18,"H included under majority",-0.3771
0.181,"H included under majority",-0.376695
0.182,"H included under majority",-0.37629
0.183,"H included under majority",-0.375885
0.184,"H included under majority",-0.37548
0.185,"H included under majority",-0.375075
0.186,"H included under majority",-0.37467
0.187,"H included under majority",-0.374265
0.188,"H included under majority",-0.37386
0.189,"H included under majority",-0.373455
0.19,"H included under majority",-0.37305
0.191,"H included under majority",-0.372645
0.192,"H included under majority",-0.37224
0.193,"H included under majority",-0.371835
0.194,"H included under majority",-0.37143
0.195,"H included under majority",-0.371025
0.196,"H included under majority",-0.37062
0.197,"H included under majority",-0.370215
0.198,"H included under majority",-0.36981
0.199,"H included under majority",-0.369405
0.2,"H included under majority",-0.369
0.201,"H included under majority",-0.368595
0.202,"H included under majority",-0.36819
0.203,"H included under majority",-0.367785
0.204,"H included under majority",-0.36738
0.205,"H included under majority",-0.366975
0.206,"H included under majority",-0.36657
0.207,"H included under majority",-0.366165
0.208,"H included under majority",-0.36576
0.209,"H included under majority",-0.365355
0.21,"H included under majority",-0.36495
0.211,"H included under majority",-0.364545
0.212,"H included under majority",-0.36414
0.213,"H included under majority",-0.363735
0.214,"H included under majority",-0.36333
0.215,"H included under majority",-0.362925
0.216,"H included under majority",-0.36252
0.217,"H included under majority",-0.362115
0.218,"H included under majority",-0.36171
0.219,"H included under majority",-0.361305
0.22,"H included under majority",-0.3609
0.221,"H included under majority",-0.360495
0.222,"H included under majority",-0.36009
0.223,"H included under majority",-0.359685
0.224,"H included under majority",-0.35928
0.225,"H included under majority",-0.358875
0.226,"H included under majority",-0.35847
0.227,"H included under majority",-0.358065
0.228,"H included under majority",-0.35766
0.229,"H included under majority",-0.357255
0.23,"H included under majority",-0.35685
0.231,"H included under majority",-0.356445
0.232,"H included under majority",-0.35604
0.233,"H included under majority",-0.355635
0.234,"H included under majority",-0.35523
0.235,"H included under majority",-0.354825
0.236,"H included under majority",-0.35442
0.237,"H included under majority",-0.354015
0.238,"H included under majority",-0.35361
0.239,"H included under majority",-0.353205
0.24,"H included under majority",-0.3528
0.241,"H included under majority",-0.352395
0.242,"H included under majority",-0.35199
0.243,"H included under majority",-0.351585
0.244,"H included under majority",-0.35118
0.245,"H included under majority",-0.350775
0.246,"H included under majority",-0.35037
0.247,"H included under majority",-0.349965
0.248,"H included under majority",-0.34956
0.249,"H included under majority",-0.349155
0.25,"H included under majority",-0.34875
0.25001,"H excluded; majority agreement",-0.2474919
0.251013058641975,"H excluded; majority agreement",-0.2466794225
0.252016117283951,"H excluded; majority agreement",-0.245866945
0.253019175925926,"H excluded; majority agreement",-0.2450544675
0.254022234567901,"H excluded; majority agreement",-0.24424199
0.255025293209877,"H excluded; majority agreement",-0.2434295125
0.256028351851852,"H excluded; majority agreement",-0.242617035
0.257031410493827,"H excluded; majority agreement",-0.2418045575
0.258034469135802,"H excluded; majority agreement",-0.24099208
0.259037527777778,"H excluded; majority agreement",-0.2401796025
0.260040586419753,"H excluded; majority agreement",-0.239367125
0.261043645061728,"H excluded; majority agreement",-0.2385546475
0.262046703703704,"H excluded; majority agreement",-0.23774217
0.263049762345679,"H excluded; majority agreement",-0.2369296925
0.264052820987654,"H excluded; majority agreement",-0.236117215
0.26505587962963,"H excluded; majority agreement",-0.2353047375
0.266058938271605,"H excluded; majority agreement",-0.23449226
0.26706199691358,"H excluded; majority agreement",-0.2336797825
0.268065055555556,"H excluded; majority agreement",-0.232867305
0.269068114197531,"H excluded; majority agreement",-0.2320548275
0.270071172839506,"H excluded; majority agreement",-0.23124235
0.271074231481481,"H excluded; majority agreement",-0.2304298725
0.272077290123457,"H excluded; majority agreement",-0.229617395
0.273080348765432,"H excluded; majority agreement",-0.2288049175
0.274083407407407,"H excluded; majority agreement",-0.22799244
0.275086466049383,"H excluded; majority agreement",-0.2271799625
0.276089524691358,"H excluded; majority agreement",-0.226367485
0.277092583333333,"H excluded; majority agreement",-0.2255550075
0.278095641975309,"H excluded; majority agreement",-0.22474253
0.279098700617284,"H excluded; majority agreement",-0.2239300525
0.280101759259259,"H excluded; majority agreement",-0.223117575
0.281104817901235,"H excluded; majority agreement",-0.2223050975
0.28210787654321,"H excluded; majority agreement",-0.22149262
0.283110935185185,"H excluded; majority agreement",-0.2206801425
0.28411399382716,"H excluded; majority agreement",-0.219867665
0.285117052469136,"H excluded; majority agreement",-0.2190551875
0.286120111111111,"H excluded; majority agreement",-0.21824271
0.287123169753086,"H excluded; majority agreement",-0.2174302325
0.288126228395062,"H excluded; majority agreement",-0.216617755
0.289129287037037,"H excluded; majority agreement",-0.2158052775
0.290132345679012,"H excluded; majority agreement",-0.2149928
0.291135404320988,"H excluded; majority agreement",-0.2141803225
0.292138462962963,"H excluded; majority agreement",-0.213367845
0.293141521604938,"H excluded; majority agreement",-0.2125553675
0.294144580246914,"H excluded; majority agreement",-0.21174289
0.295147638888889,"H excluded; majority agreement",-0.2109304125
0.296150697530864,"H excluded; majority agreement",-0.210117935
0.29715375617284,"H excluded; majority agreement",-0.2093054575
0.298156814814815,"H excluded; majority agreement",-0.20849298
0.29915987345679,"H excluded; majority agreement",-0.2076805025
0.300162932098765,"H excluded; majority agreement",-0.206868025
0.301165990740741,"H excluded; majority agreement",-0.2060555475
0.302169049382716,"H excluded; majority agreement",-0.20524307
0.303172108024691,"H excluded; majority agreement",-0.2044305925
0.304175166666667,"H excluded; majority agreement",-0.203618115
0.305178225308642,"H excluded; majority agreement",-0.2028056375
0.306181283950617,"H excluded; majority agreement",-0.20199316
0.307184342592593,"H excluded; majority agreement",-0.2011806825
0.308187401234568,"H excluded; majority agreement",-0.200368205
0.309190459876543,"H excluded; majority agreement",-0.1995557275
0.310193518518519,"H excluded; majority agreement",-0.19874325
0.311196577160494,"H excluded; majority agreement",-0.1979307725
0.312199635802469,"H excluded; majority agreement",-0.197118295
0.313202694444444,"H excluded; majority agreement",-0.1963058175
0.31420575308642,"H excluded; majority agreement",-0.19549334
0.315208811728395,"H excluded; majority agreement",-0.1946808625
0.31621187037037,"H excluded; majority agreement",-0.193868385
0.317214929012346,"H excluded; majority agreement",-0.1930559075
0.318217987654321,"H excluded; majority agreement",-0.19224343
0.319221046296296,"H excluded; majority agreement",-0.1914309525
0.320224104938272,"H excluded; majority agreement",-0.190618475
0.321227163580247,"H excluded; majority agreement",-0.1898059975
0.322230222222222,"H excluded; majority agreement",-0.18899352
0.323233280864198,"H excluded; majority agreement",-0.1881810425
0.324236339506173,"H excluded; majority agreement",-0.187368565
0.325239398148148,"H excluded; majority agreement",-0.1865560875
0.326242456790123,"H excluded; majority agreement",-0.18574361
0.327245515432099,"H excluded; majority agreement",-0.1849311325
0.328248574074074,"H excluded; majority agreement",-0.184118655
0.329251632716049,"H excluded; majority agreement",-0.1833061775
0.330254691358025,"H excluded; majority agreement",-0.1824937
0.33125775,"H excluded; majority agreement",-0.1816812225
0.332260808641975,"H excluded; majority agreement",-0.180868745
0.333263867283951,"H excluded; majority agreement",-0.1800562675
0.334266925925926,"H excluded; majority agreement",-0.17924379
0.335269984567901,"H excluded; majority agreement",-0.1784313125
0.336273043209877,"H excluded; majority agreement",-0.177618835
0.337276101851852,"H excluded; majority agreement",-0.1768063575
0.338279160493827,"H excluded; majority agreement",-0.17599388
0.339282219135802,"H excluded; majority agreement",-0.1751814025
0.340285277777778,"H excluded; majority agreement",-0.174368925
0.341288336419753,"H excluded; majority agreement",-0.1735564475
0.342291395061728,"H excluded; majority agreement",-0.17274397
0.343294453703704,"H excluded; majority agreement",-0.1719314925
0.344297512345679,"H excluded; majority agreement",-0.171119015
0.345300570987654,"H excluded; majority agreement",-0.1703065375
0.34630362962963,"H excluded; majority agreement",-0.16949406
0.347306688271605,"H excluded; majority agreement",-0.1686815825
0.34830974691358,"H excluded; majority agreement",-0.167869105
0.349312805555556,"H excluded; majority agreement",-0.1670566275
0.350315864197531,"H excluded; majority agreement",-0.16624415
0.351318922839506,"H excluded; majority agreement",-0.1654316725
0.352321981481482,"H excluded; majority agreement",-0.164619195
0.353325040123457,"H excluded; majority agreement",-0.1638067175
0.354328098765432,"H excluded; majority agreement",-0.16299424
0.355331157407407,"H excluded; majority agreement",-0.1621817625
0.356334216049383,"H excluded; majority agreement",-0.161369285
0.357337274691358,"H excluded; majority agreement",-0.1605568075
0.358340333333333,"H excluded; majority agreement",-0.15974433
0.359343391975309,"H excluded; majority agreement",-0.1589318525
0.360346450617284,"H excluded; majority agreement",-0.158119375
0.361349509259259,"H excluded; majority agreement",-0.1573068975
0.362352567901235,"H excluded; majority agreement",-0.15649442
0.36335562654321,"H excluded; majority agreement",-0.1556819425
0.364358685185185,"H excluded; majority agreement",-0.154869465
0.36536174382716,"H excluded; majority agreement",-0.1540569875
0.366364802469136,"H excluded; majority agreement",-0.15324451
0.367367861111111,"H excluded; majority agreement",-0.1524320325
0.368370919753086,"H excluded; majority agreement",-0.151619555
0.369373978395062,"H excluded; majority agreement",-0.1508070775
0.370377037037037,"H excluded; majority agreement",-0.1499946
0.371380095679012,"H excluded; majority agreement",-0.1491821225
0.372383154320988,"H excluded; majority agreement",-0.148369645
0.373386212962963,"H excluded; majority agreement",-0.1475571675
0.374389271604938,"H excluded; majority agreement",-0.14674469
0.375392330246914,"H excluded; majority agreement",-0.1459322125
0.376395388888889,"H excluded; majority agreement",-0.145119735
0.377398447530864,"H excluded; majority agreement",-0.1443072575
0.37840150617284,"H excluded; majority agreement",-0.14349478
0.379404564814815,"H excluded; majority agreement",-0.1426823025
0.38040762345679,"H excluded; majority agreement",-0.141869825
0.381410682098765,"H excluded; majority agreement",-0.1410573475
0.382413740740741,"H excluded; majority agreement",-0.14024487
0.383416799382716,"H excluded; majority agreement",-0.1394323925
0.384419858024691,"H excluded; majority agreement",-0.138619915
0.385422916666667,"H excluded; majority agreement",-0.1378074375
0.386425975308642,"H excluded; majority agreement",-0.13699496
0.387429033950617,"H excluded; majority agreement",-0.1361824825
0.388432092592593,"H excluded; majority agreement",-0.135370005
0.389435151234568,"H excluded; majority agreement",-0.1345575275
0.390438209876543,"H excluded; majority agreement",-0.13374505
0.391441268518519,"H excluded; majority agreement",-0.1329325725
0.392444327160494,"H excluded; majority agreement",-0.132120095
0.393447385802469,"H excluded; majority agreement",-0.1313076175
0.394450444444444,"H excluded; majority agreement",-0.13049514
0.39545350308642,"H excluded; majority agreement",-0.1296826625
0.396456561728395,"H excluded; majority agreement",-0.128870185
0.39745962037037,"H excluded; majority agreement",-0.1280577075
0.398462679012346,"H excluded; majority agreement",-0.12724523
0.399465737654321,"H excluded; majority agreement",-0.1264327525
0.400468796296296,"H excluded; majority agreement",-0.125620275
0.401471854938272,"H excluded; majority agreement",-0.1248077975
0.402474913580247,"H excluded; majority agreement",-0.12399532
0.403477972222222,"H excluded; majority agreement",-0.1231828425
0.404481030864198,"H excluded; majority agreement",-0.122370365
0.405484089506173,"H excluded; majority agreement",-0.1215578875
0.406487148148148,"H excluded; majority agreement",-0.12074541
0.407490206790123,"H excluded; majority agreement",-0.1199329325
0.408493265432099,"H excluded; majority agreement",-0.119120455
0.409496324074074,"H excluded; majority agreement",-0.1183079775
0.410499382716049,"H excluded; majority agreement",-0.1174955
0.411502441358025,"H excluded; majority agreement",-0.1166830225
0.4125055,"H excluded; majority agreement",-0.115870545
0.413508558641975,"H excluded; majority agreement",-0.1150580675
0.414511617283951,"H excluded; majority agreement",-0.11424559
0.415514675925926,"H excluded; majority agreement",-0.1134331125
0.416517734567901,"H excluded; majority agreement",-0.112620635
0.417520793209877,"H excluded; majority agreement",-0.1118081575
0.418523851851852,"H excluded; majority agreement",-0.11099568
0.419526910493827,"H excluded; majority agreement",-0.1101832025
0.420529969135802,"H excluded; majority agreement",-0.109370725
0.421533027777778,"H excluded; majority agreement",-0.1085582475
0.422536086419753,"H excluded; majority agreement",-0.10774577
0.423539145061728,"H excluded; majority agreement",-0.1069332925
0.424542203703704,"H excluded; majority agreement",-0.106120815
0.425545262345679,"H excluded; majority agreement",-0.1053083375
0.426548320987654,"H excluded; majority agreement",-0.10449586
0.42755137962963,"H excluded; majority agreement",-0.1036833825
0.428554438271605,"H excluded; majority agreement",-0.102870905
0.42955749691358,"H excluded; majority agreement",-0.1020584275
0.430560555555556,"H excluded; majority agreement",-0.10124595
0.431563614197531,"H excluded; majority agreement",-0.1004334725
0.432566672839506,"H excluded; majority agreement",-0.099620995
0.433569731481481,"H excluded; majority agreement",-0.0988085175
0.434572790123457,"H excluded; majority agreement",-0.09799604
0.435575848765432,"H excluded; majority agreement",-0.0971835625
0.436578907407407,"H excluded; majority agreement",-0.0963710849999999
0.437581966049383,"H excluded; majority agreement",-0.0955586075
0.438585024691358,"H excluded; majority agreement",-0.09474613
0.439588083333333,"H excluded; majority agreement",-0.0939336525
0.440591141975309,"H excluded; majority agreement",-0.0931211749999999
0.441594200617284,"H excluded; majority agreement",-0.0923086975
0.442597259259259,"H excluded; majority agreement",-0.09149622
0.443600317901235,"H excluded; majority agreement",-0.0906837425
0.44460337654321,"H excluded; majority agreement",-0.089871265
0.445606435185185,"H excluded; majority agreement",-0.0890587875
0.44660949382716,"H excluded; majority agreement",-0.08824631
0.447612552469136,"H excluded; majority agreement",-0.0874338325
0.448615611111111,"H excluded; majority agreement",-0.086621355
0.449618669753086,"H excluded; majority agreement",-0.0858088775
0.450621728395062,"H excluded; majority agreement",-0.0849964
0.451624787037037,"H excluded; majority agreement",-0.0841839225
0.452627845679012,"H excluded; majority agreement",-0.083371445
0.453630904320988,"H excluded; majority agreement",-0.0825589675
0.454633962962963,"H excluded; majority agreement",-0.08174649
0.455637021604938,"H excluded; majority agreement",-0.0809340125
0.456640080246914,"H excluded; majority agreement",-0.080121535
0.457643138888889,"H excluded; majority agreement",-0.0793090575
0.458646197530864,"H excluded; majority agreement",-0.07849658
0.45964925617284,"H excluded; majority agreement",-0.0776841025
0.460652314814815,"H excluded; majority agreement",-0.076871625
0.46165537345679,"H excluded; majority agreement",-0.0760591475
0.462658432098765,"H excluded; majority agreement",-0.07524667
0.463661490740741,"H excluded; majority agreement",-0.0744341925
0.464664549382716,"H excluded; majority agreement",-0.073621715
0.465667608024691,"H excluded; majority agreement",-0.0728092375
0.466670666666667,"H excluded; majority agreement",-0.07199676
0.467673725308642,"H excluded; majority agreement",-0.0711842825
0.468676783950617,"H excluded; majority agreement",-0.070371805
0.469679842592593,"H excluded; majority agreement",-0.0695593275
0.470682901234568,"H excluded; majority agreement",-0.06874685
0.471685959876543,"H excluded; majority agreement",-0.0679343725
0.472689018518519,"H excluded; majority agreement",-0.067121895
0.473692077160494,"H excluded; majority agreement",-0.0663094175
0.474695135802469,"H excluded; majority agreement",-0.06549694
0.475698194444444,"H excluded; majority agreement",-0.0646844624999999
0.47670125308642,"H excluded; majority agreement",-0.063871985
0.477704311728395,"H excluded; majority agreement",-0.0630595075
0.47870737037037,"H excluded; majority agreement",-0.06224703
0.479710429012346,"H excluded; majority agreement",-0.0614345524999999
0.480713487654321,"H excluded; majority agreement",-0.060622075
0.481716546296296,"H excluded; majority agreement",-0.0598095975
0.482719604938272,"H excluded; majority agreement",-0.05899712
0.483722663580247,"H excluded; majority agreement",-0.0581846424999999
0.484725722222222,"H excluded; majority agreement",-0.057372165
0.485728780864198,"H excluded; majority agreement",-0.0565596875
0.486731839506173,"H excluded; majority agreement",-0.05574721
0.487734898148148,"H excluded; majority agreement",-0.0549347325
0.488737956790123,"H excluded; majority agreement",-0.054122255
0.489741015432099,"H excluded; majority agreement",-0.0533097775
0.490744074074074,"H excluded; majority agreement",-0.0524973
0.491747132716049,"H excluded; majority agreement",-0.0516848225
0.492750191358025,"H excluded; majority agreement",-0.050872345
0.49375325,"H excluded; majority agreement",-0.0500598674999999
0.494756308641975,"H excluded; majority agreement",-0.04924739
0.495759367283951,"H excluded; majority agreement",-0.0484349125
0.496762425925926,"H excluded; majority agreement",-0.047622435
0.497765484567901,"H excluded; majority agreement",-0.0468099575
0.498768543209877,"H excluded; majority agreement",-0.04599748
0.499771601851852,"H excluded; majority agreement",-0.0451850025
0.500774660493827,"H excluded; majority agreement",-0.044372525
0.501777719135802,"H excluded; majority agreement",-0.0435600475
0.502780777777778,"H excluded; majority agreement",-0.04274757
0.503783836419753,"H excluded; majority agreement",-0.0419350925
0.504786895061728,"H excluded; majority agreement",-0.0411226149999999
0.505789953703704,"H excluded; majority agreement",-0.0403101375
0.506793012345679,"H excluded; majority agreement",-0.03949766
0.507796070987654,"H excluded; majority agreement",-0.0386851825
0.50879912962963,"H excluded; majority agreement",-0.0378727049999999
0.509802188271605,"H excluded; majority agreement",-0.0370602275
0.51080524691358,"H excluded; majority agreement",-0.03624775
0.511808305555556,"H excluded; majority agreement",-0.0354352725
0.512811364197531,"H excluded; majority agreement",-0.0346227949999999
0.513814422839506,"H excluded; majority agreement",-0.0338103175
0.514817481481481,"H excluded; majority agreement",-0.03299784
0.515820540123457,"H excluded; majority agreement",-0.0321853625
0.516823598765432,"H excluded; majority agreement",-0.0313728849999999
0.517826657407407,"H excluded; majority agreement",-0.0305604075
0.518829716049383,"H excluded; majority agreement",-0.02974793
0.519832774691358,"H excluded; majority agreement",-0.0289354525
0.520835833333333,"H excluded; majority agreement",-0.028122975
0.521838891975309,"H excluded; majority agreement",-0.0273104975
0.522841950617284,"H excluded; majority agreement",-0.02649802
0.523845009259259,"H excluded; majority agreement",-0.0256855425
0.524848067901235,"H excluded; majority agreement",-0.024873065
0.52585112654321,"H excluded; majority agreement",-0.0240605875
0.526854185185185,"H excluded; majority agreement",-0.02324811
0.52785724382716,"H excluded; majority agreement",-0.0224356325
0.528860302469136,"H excluded; majority agreement",-0.021623155
0.529863361111111,"H excluded; majority agreement",-0.0208106774999999
0.530866419753086,"H excluded; majority agreement",-0.0199982
0.531869478395062,"H excluded; majority agreement",-0.0191857225
0.532872537037037,"H excluded; majority agreement",-0.018373245
0.533875595679012,"H excluded; majority agreement",-0.0175607674999999
0.534878654320988,"H excluded; majority agreement",-0.01674829
0.535881712962963,"H excluded; majority agreement",-0.0159358125
0.536884771604938,"H excluded; majority agreement",-0.0151233349999999
0.537887830246914,"H excluded; majority agreement",-0.0143108574999999
0.538890888888889,"H excluded; majority agreement",-0.01349838
0.539893947530864,"H excluded; majority agreement",-0.0126859025
0.54089700617284,"H excluded; majority agreement",-0.011873425
0.541900064814815,"H excluded; majority agreement",-0.0110609474999999
0.54290312345679,"H excluded; majority agreement",-0.01024847
0.543906182098765,"H excluded; majority agreement",-0.0094359925
0.544909240740741,"H excluded; majority agreement",-0.00862351499999998
0.545912299382716,"H excluded; majority agreement",-0.00781103749999992
0.546915358024691,"H excluded; majority agreement",-0.00699855999999995
0.547918416666667,"H excluded; majority agreement",-0.00618608250000004
0.548921475308642,"H excluded; majority agreement",-0.00537360499999998
0.549924533950617,"H excluded; majority agreement",-0.00456112749999991
0.550927592592593,"H excluded; majority agreement",-0.00374865
0.551930651234568,"H excluded; majority agreement",-0.00293617250000003
0.552933709876543,"H excluded; majority agreement",-0.00212369499999997
0.553936768518519,"H excluded; majority agreement",-0.00131121749999996
0.554939827160494,"H excluded; majority agreement",-0.000498739999999992
0.555942885802469,"H excluded; majority agreement",0.000313737500000022
0.556945944444444,"H excluded; majority agreement",0.00112621499999999
0.55794900308642,"H excluded; majority agreement",0.00193869250000005
0.558952061728395,"H excluded; majority agreement",0.00275117000000001
0.55995512037037,"H excluded; majority agreement",0.00356364749999998
0.560958179012346,"H excluded; majority agreement",0.00437612500000004
0.561961237654321,"H excluded; majority agreement",0.00518860250000011
0.562964296296296,"H excluded; majority agreement",0.00600107999999997
0.563967354938272,"H excluded; majority agreement",0.00681355749999993
0.564970413580247,"H excluded; majority agreement",0.007626035
0.565973472222222,"H excluded; majority agreement",0.00843851250000006
0.566976530864198,"H excluded; majority agreement",0.00925099000000003
0.567979589506173,"H excluded; majority agreement",0.0100634675
0.568982648148148,"H excluded; majority agreement",0.0108759450000001
0.569985706790124,"H excluded; majority agreement",0.0116884225
0.570988765432099,"H excluded; majority agreement",0.0125009000000001
0.571991824074074,"H excluded; majority agreement",0.0133133775
0.572994882716049,"H excluded; majority agreement",0.014125855
0.573997941358025,"H excluded; majority agreement",0.0149383325000001
0.575001,"H excluded; majority agreement",0.0157508100000001
0.576004058641975,"H excluded; majority agreement",0.0165632875
0.577007117283951,"H excluded; majority agreement",0.017375765
0.578010175925926,"H excluded; majority agreement",0.0181882425
0.579013234567901,"H excluded; majority agreement",0.0190007200000001
0.580016293209877,"H excluded; majority agreement",0.0198131975000001
0.581019351851852,"H excluded; majority agreement",0.020625675
0.582022410493827,"H excluded; majority agreement",0.0214381525000001
0.583025469135803,"H excluded; majority agreement",0.02225063
0.584028527777778,"H excluded; majority agreement",0.0230631075
0.585031586419753,"H excluded; majority agreement",0.023875585
0.586034645061728,"H excluded; majority agreement",0.0246880625
0.587037703703704,"H excluded; majority agreement",0.0255005400000001
0.588040762345679,"H excluded; majority agreement",0.0263130175000001
0.589043820987654,"H excluded; majority agreement",0.027125495
0.59004687962963,"H excluded; majority agreement",0.0279379725
0.591049938271605,"H excluded; majority agreement",0.0287504500000001
0.59205299691358,"H excluded; majority agreement",0.0295629275
0.593056055555556,"H excluded; majority agreement",0.030375405
0.594059114197531,"H excluded; majority agreement",0.0311878825
0.595062172839506,"H excluded; majority agreement",0.0320003600000001
0.596065231481481,"H excluded; majority agreement",0.0328128375
0.597068290123457,"H excluded; majority agreement",0.033625315
0.598071348765432,"H excluded; majority agreement",0.0344377925
0.599074407407407,"H excluded; majority agreement",0.0352502700000001
0.600077466049383,"H excluded; majority agreement",0.0360627475
0.601080524691358,"H excluded; majority agreement",0.036875225
0.602083583333333,"H excluded; majority agreement",0.0376877025000001
0.603086641975309,"H excluded; majority agreement",0.03850018
0.604089700617284,"H excluded; majority agreement",0.0393126575
0.605092759259259,"H excluded; majority agreement",0.040125135
0.606095817901235,"H excluded; majority agreement",0.0409376125
0.60709887654321,"H excluded; majority agreement",0.0417500900000001
0.608101935185185,"H excluded; majority agreement",0.0425625675
0.60910499382716,"H excluded; majority agreement",0.043375045
0.610108052469136,"H excluded; majority agreement",0.0441875225
0.611111111111111,"H excluded; majority agreement",0.045
0.611111111111111,"Majority delay",0.045
0.612666666666667,"Majority delay",0.04486
0.614222222222222,"Majority delay",0.04472
0.615777777777778,"Majority delay",0.04458
0.617333333333333,"Majority delay",0.04444
0.618888888888889,"Majority delay",0.0443
0.620444444444444,"Majority delay",0.04416
0.622,"Majority delay",0.04402
0.623555555555556,"Majority delay",0.04388
0.625111111111111,"Majority delay",0.04374
0.626666666666667,"Majority delay",0.0436
0.628222222222222,"Majority delay",0.04346
0.629777777777778,"Majority delay",0.04332
0.631333333333333,"Majority delay",0.04318
0.632888888888889,"Majority delay",0.04304
0.634444444444444,"Majority delay",0.0429
0.636,"Majority delay",0.04276
0.637555555555556,"Majority delay",0.04262
0.639111111111111,"Majority delay",0.04248
0.640666666666667,"Majority delay",0.04234
0.642222222222222,"Majority delay",0.0422
0.643777777777778,"Majority delay",0.04206
0.645333333333333,"Majority delay",0.04192
0.646888888888889,"Majority delay",0.04178
0.648444444444444,"Majority delay",0.04164
0.65,"Majority delay",0.0415
0.651555555555556,"Majority delay",0.04136
0.653111111111111,"Majority delay",0.04122
0.654666666666667,"Majority delay",0.04108
0.656222222222222,"Majority delay",0.04094
0.657777777777778,"Majority delay",0.0408
0.659333333333333,"Majority delay",0.04066
0.660888888888889,"Majority delay",0.04052
0.662444444444445,"Majority delay",0.04038
0.664,"Majority delay",0.04024
0.665555555555556,"Majority delay",0.0401
0.667111111111111,"Majority delay",0.03996
0.668666666666667,"Majority delay",0.03982
0.670222222222222,"Majority delay",0.03968
0.671777777777778,"Majority delay",0.03954
0.673333333333333,"Majority delay",0.0394
0.674888888888889,"Majority delay",0.03926
0.676444444444445,"Majority delay",0.03912
0.678,"Majority delay",0.03898
0.679555555555556,"Majority delay",0.03884
0.681111111111111,"Majority delay",0.0387
0.682666666666667,"Majority delay",0.03856
0.684222222222222,"Majority delay",0.03842
0.685777777777778,"Majority delay",0.03828
0.687333333333333,"Majority delay",0.03814
0.688888888888889,"Majority delay",0.038
0.690444444444444,"Majority delay",0.03786
0.692,"Majority delay",0.03772
0.693555555555556,"Majority delay",0.03758
0.695111111111111,"Majority delay",0.03744
0.696666666666667,"Majority delay",0.0373
0.698222222222222,"Majority delay",0.03716
0.699777777777778,"Majority delay",0.03702
0.701333333333333,"Majority delay",0.03688
0.702888888888889,"Majority delay",0.03674
0.704444444444444,"Majority delay",0.0366
0.706,"Majority delay",0.03646
0.707555555555556,"Majority delay",0.03632
0.709111111111111,"Majority delay",0.03618
0.710666666666667,"Majority delay",0.03604
0.712222222222222,"Majority delay",0.0359
0.713777777777778,"Majority delay",0.03576
0.715333333333333,"Majority delay",0.03562
0.716888888888889,"Majority delay",0.03548
0.718444444444444,"Majority delay",0.03534
0.72,"Majority delay",0.0352
0.721555555555556,"Majority delay",0.03506
0.723111111111111,"Majority delay",0.03492
0.724666666666667,"Majority delay",0.03478
0.726222222222222,"Majority delay",0.03464
0.727777777777778,"Majority delay",0.0345
0.729333333333333,"Majority delay",0.03436
0.730888888888889,"Majority delay",0.03422
0.732444444444444,"Majority delay",0.03408
0.734,"Majority delay",0.03394
0.735555555555556,"Majority delay",0.0338
0.737111111111111,"Majority delay",0.03366
0.738666666666667,"Majority delay",0.03352
0.740222222222222,"Majority delay",0.03338
0.741777777777778,"Majority delay",0.03324
0.743333333333333,"Majority delay",0.0331
0.744888888888889,"Majority delay",0.03296
0.746444444444444,"Majority delay",0.03282
0.748,"Majority delay",0.03268
0.749555555555556,"Majority delay",0.03254
0.751111111111111,"Majority delay",0.0324
0.752666666666667,"Majority delay",0.03226
0.754222222222222,"Majority delay",0.03212
0.755777777777778,"Majority delay",0.03198
0.757333333333333,"Majority delay",0.03184
0.758888888888889,"Majority delay",0.0317
0.760444444444444,"Majority delay",0.03156
0.762,"Majority delay",0.03142
0.763555555555556,"Majority delay",0.03128
0.765111111111111,"Majority delay",0.03114
0.766666666666667,"Majority delay",0.031
0.768222222222222,"Majority delay",0.03086
0.769777777777778,"Majority delay",0.03072
0.771333333333333,"Majority delay",0.03058
0.772888888888889,"Majority delay",0.03044
0.774444444444444,"Majority delay",0.0303
0.776,"Majority delay",0.03016
0.777555555555556,"Majority delay",0.03002
0.779111111111111,"Majority delay",0.02988
0.780666666666667,"Majority delay",0.02974
0.782222222222222,"Majority delay",0.0296
0.783777777777778,"Majority delay",0.02946
0.785333333333333,"Majority delay",0.02932
0.786888888888889,"Majority delay",0.02918
0.788444444444445,"Majority delay",0.02904
0.79,"Majority delay",0.0289
0.791555555555556,"Majority delay",0.02876
0.793111111111111,"Majority delay",0.02862
0.794666666666667,"Majority delay",0.02848
0.796222222222222,"Majority delay",0.02834
0.797777777777778,"Majority delay",0.0282
0.799333333333333,"Majority delay",0.02806
0.800888888888889,"Majority delay",0.02792
0.802444444444445,"Majority delay",0.02778
0.804,"Majority delay",0.02764
0.805555555555556,"Majority delay",0.0275
0.807111111111111,"Majority delay",0.02736
0.808666666666667,"Majority delay",0.02722
0.810222222222222,"Majority delay",0.02708
0.811777777777778,"Majority delay",0.02694
0.813333333333333,"Majority delay",0.0268
0.814888888888889,"Majority delay",0.02666
0.816444444444444,"Majority delay",0.02652
0.818,"Majority delay",0.02638
0.819555555555556,"Majority delay",0.02624
0.821111111111111,"Majority delay",0.0261
0.822666666666667,"Majority delay",0.02596
0.824222222222222,"Majority delay",0.02582
0.825777777777778,"Majority delay",0.02568
0.827333333333333,"Majority delay",0.02554
0.828888888888889,"Majority delay",0.0254
0.830444444444444,"Majority delay",0.02526
0.832,"Majority delay",0.02512
0.833555555555556,"Majority delay",0.02498
0.835111111111111,"Majority delay",0.02484
0.836666666666667,"Majority delay",0.0247
0.838222222222222,"Majority delay",0.02456
0.839777777777778,"Majority delay",0.02442
0.841333333333333,"Majority delay",0.02428
0.842888888888889,"Majority delay",0.02414
0.844444444444444,"Majority delay",0.024
0.846,"Majority delay",0.02386
0.847555555555556,"Majority delay",0.02372
0.849111111111111,"Majority delay",0.02358
0.850666666666667,"Majority delay",0.02344
0.852222222222222,"Majority delay",0.0233
0.853777777777778,"Majority delay",0.02316
0.855333333333333,"Majority delay",0.02302
0.856888888888889,"Majority delay",0.02288
0.858444444444444,"Majority delay",0.02274
0.86,"Majority delay",0.0226
0.861555555555556,"Majority delay",0.02246
0.863111111111111,"Majority delay",0.02232
0.864666666666667,"Majority delay",0.02218
0.866222222222222,"Majority delay",0.02204
0.867777777777778,"Majority delay",0.0219
0.869333333333333,"Majority delay",0.02176
0.870888888888889,"Majority delay",0.02162
0.872444444444444,"Majority delay",0.02148
0.874,"Majority delay",0.02134
0.875555555555556,"Majority delay",0.0212
0.877111111111111,"Majority delay",0.02106
0.878666666666667,"Majority delay",0.02092
0.880222222222222,"Majority delay",0.02078
0.881777777777778,"Majority delay",0.02064
0.883333333333333,"Majority delay",0.0205
0.884888888888889,"Majority delay",0.02036
0.886444444444444,"Majority delay",0.02022
0.888,"Majority delay",0.02008
0.889555555555556,"Majority delay",0.01994
0.891111111111111,"Majority delay",0.0198
0.892666666666667,"Majority delay",0.01966
0.894222222222222,"Majority delay",0.01952
0.895777777777778,"Majority delay",0.01938
0.897333333333333,"Majority delay",0.01924
0.898888888888889,"Majority delay",0.0191
0.900444444444444,"Majority delay",0.01896
0.902,"Majority delay",0.01882
0.903555555555556,"Majority delay",0.01868
0.905111111111111,"Majority delay",0.01854
0.906666666666667,"Majority delay",0.0184
0.908222222222222,"Majority delay",0.01826
0.909777777777778,"Majority delay",0.01812
0.911333333333333,"Majority delay",0.01798
0.912888888888889,"Majority delay",0.01784
0.914444444444444,"Majority delay",0.0177
0.916,"Majority delay",0.01756
0.917555555555556,"Majority delay",0.01742
0.919111111111111,"Majority delay",0.01728
0.920666666666667,"Majority delay",0.01714
0.922222222222222,"Majority delay",0.017
0.923777777777778,"Majority delay",0.01686
0.925333333333333,"Majority delay",0.01672
0.926888888888889,"Majority delay",0.01658
0.928444444444444,"Majority delay",0.01644
0.93,"Majority delay",0.0163
0.931555555555555,"Majority delay",0.01616
0.933111111111111,"Majority delay",0.01602
0.934666666666667,"Majority delay",0.01588
0.936222222222222,"Majority delay",0.01574
0.937777777777778,"Majority delay",0.0156
0.939333333333333,"Majority delay",0.01546
0.940888888888889,"Majority delay",0.01532
0.942444444444444,"Majority delay",0.01518
0.944,"Majority delay",0.01504
0.945555555555555,"Majority delay",0.0149
0.947111111111111,"Majority delay",0.01476
0.948666666666667,"Majority delay",0.01462
0.950222222222222,"Majority delay",0.01448
0.951777777777778,"Majority delay",0.01434
0.953333333333333,"Majority delay",0.0142
0.954888888888889,"Majority delay",0.01406
0.956444444444444,"Majority delay",0.01392
0.958,"Majority delay",0.01378
0.959555555555555,"Majority delay",0.01364
0.961111111111111,"Majority delay",0.0135
0.962666666666667,"Majority delay",0.01336
0.964222222222222,"Majority delay",0.01322
0.965777777777778,"Majority delay",0.01308
0.967333333333333,"Majority delay",0.01294
0.968888888888889,"Majority delay",0.0128
0.970444444444444,"Majority delay",0.01266
0.972,"Majority delay",0.01252
0.973555555555556,"Majority delay",0.01238
0.975111111111111,"Majority delay",0.01224
0.976666666666667,"Majority delay",0.0121
0.978222222222222,"Majority delay",0.01196
0.979777777777778,"Majority delay",0.01182
0.981333333333333,"Majority delay",0.01168
0.982888888888889,"Majority delay",0.01154
0.984444444444444,"Majority delay",0.0114
0.986,"Majority delay",0.01126
0.987555555555556,"Majority delay",0.01112
0.989111111111111,"Majority delay",0.01098
0.990666666666667,"Majority delay",0.01084
0.992222222222222,"Majority delay",0.0107
0.993777777777778,"Majority delay",0.01056
0.995333333333333,"Majority delay",0.01042
0.996888888888889,"Majority delay",0.01028
0.998444444444444,"Majority delay",0.01014
1,"Majority delay",0.01
